:020000040800F2
:100000000000022075480008F9470008074800086A
:100010000F480008174800081F48000800000000AB
:10002000000000000000000000000000F18E000849
:10003000274800080000000041910008A99100082D
:10004000C5480008C5480008C5480008C54800085C
:10005000C5480008C5480008252D0008692D00087E
:10006000C5480008C5480008C5480008C54800083C
:10007000C5480008C5480008C5480008C54800082C
:10008000C5480008C5480008C5480008C54800081C
:10009000C5480008C5480008C5480008AD2D00083F
:1000A000C5480008C5480008C5480008C5480008FC
:1000B000C5480008C5480008C5480008C5480008EC
:1000C000C5480008C5480008C5480008C5480008DC
:1000D000C5480008C5480008C5480008C5480008CC
:1000E000C5480008C5480008C5480008C5480008BC
:1000F000C5480008C5480008C5480008C5480008AC
:10010000C5480008C5480008C5480008C54800089B
:10011000C5480008C548000835480008C54800081B
:10012000C5480008C5480008C5480008C54800087B
:10013000C54800080000000000000000C548000895
:10014000C5480008C5480008C5480008C54800085B
:10015000C5480008C5480008C5480008C54800084B
:10016000C5480008C5480008C5480008C54800083B
:10017000C5480008C5480008000000000000000055
:08018000C5480008C54800084D
:1001900010B5054C237833B9044B13B10448AFF3C1
:1001A00000800123237010BD4C01002000000000DE
:1001B00018AF000808B5034B1BB103490348AFF360
:1001C000008008BD000000005001002018AF0008AA
:1001D00081F0004102E000BF83F0004330B54FEAF8
:1001E00041044FEA430594EA050F08BF90EA020F65
:1001F0001FBF54EA000C55EA020C7FEA645C7FEAF8
:10020000655C00F0E2804FEA5454D4EB5555B8BF1A
:100210006D420CDD2C4480EA020281EA030382EA8B
:10022000000083EA010180EA020281EA0303362D1D
:1002300088BF30BD11F0004F4FEA01314FF4801CF0
:100240004CEA113102D0404261EB410113F0004F02
:100250004FEA03334CEA133302D0524263EB4303B9
:1002600094EA050F00F0A780A4F10104D5F1200E57
:100270000DDB02FA0EFC22FA05F2801841F10001B2
:1002800003FA0EF2801843FA05F359410EE0A5F186
:1002900020050EF1200E012A03FA0EFC28BF4CF0B7
:1002A000020C43FA05F3C01851EBE37101F000456D
:1002B00007D54FF0000EDCF1000C7EEB00006EEB7A
:1002C0000101B1F5801F1BD3B1F5001F0CD3490804
:1002D0005FEA30004FEA3C0C04F101044FEA44525B
:1002E00012F5800F80F09A80BCF1004F08BF5FEAE2
:1002F000500C50F1000041EB045141EA050130BDC2
:100300005FEA4C0C404141EB0101013C28BFB1F5D3
:10031000801FE9D291F0000F04BF01460020B1FA1E
:1003200081F308BF2033A3F10B03B3F120020CDAF1
:100330000C3208DD02F1140CC2F10C0201FA0CF0CF
:1003400021FA02F10CE002F11402D8BFC2F1200C34
:1003500001FA02F120FA0CFCDCBF41EA0C019040EA
:10036000E41AA2BF01EB0451294330BD6FEA040433
:100370001F3C1CDA0C340EDC04F11404C4F120021E
:1003800020FA04F001FA02F340EA030021FA04F330
:1003900045EA030130BDC4F10C04C4F1200220FA87
:1003A00002F001FA04F340EA0300294630BD21FAC5
:1003B00004F0294630BD94F0000F83F4801306BF8B
:1003C00081F480110134013D4EE77FEA645C18BF7F
:1003D0007FEA655C29D094EA050F08BF90EA020F16
:1003E00005D054EA000C04BF1946104630BD91EA0E
:1003F000030F1EBF0021002030BD5FEA545C05D111
:100400004000494128BF41F0004130BD14F580044F
:100410003CBF01F5801130BD01F0004545F0FE41C3
:1004200041F470014FF0000030BD7FEA645C1ABFF8
:10043000194610467FEA655C1CBF0B46024650EA2F
:10044000013406BF52EA033591EA030F41F400215B
:1004500030BD00BF90F0000F04BF0021704730B5E1
:100460004FF4806404F132044FF000054FF00001B6
:1004700050E700BF90F0000F04BF0021704730B577
:100480004FF4806404F1320410F0004548BF40424C
:100490004FF000013EE700BF42004FEAE2014FEAA1
:1004A00031014FEA02701FBF12F07F4393F07F4F7C
:1004B00081F06051704732F07F4208BF704793F07F
:1004C0007F4F04BF41F40021704730B54FF4607492
:1004D00001F0004521F000411CE700BF50EA010295
:1004E00008BF704730B54FF000050AE050EA01023E
:1004F00008BF704730B511F0004502D5404261EBAE
:1005000041014FF4806404F132045FEA915C3FF4EE
:10051000D8AE4FF003025FEADC0C18BF03325FEA8B
:10052000DC0C18BF033202EBDC02C2F1200300FA3C
:1005300003FC20FA02F001FA03FE40EA0E0021FA61
:1005400002F11444BDE600BF70B54FF0FF0C4CF44F
:10055000E06C1CEA11541DBF1CEA135594EA0C0F01
:1005600095EA0C0F00F0DEF82C4481EA030621EA3C
:100570004C5123EA4C5350EA013518BF52EA033577
:1005800041F4801143F4801338D0A0FB02CE4FF029
:100590000005E1FB02E506F00042E0FB03E54FF059
:1005A0000006E1FB03569CF0000F18BF4EF0010E51
:1005B000A4F1FF04B6F5007F64F5407404D25FEA4D
:1005C0004E0E6D4146EB060642EAC62141EA555100
:1005D0004FEAC52040EA5E504FEACE2EB4F1FD0C42
:1005E00088BFBCF5E06F1ED8BEF1004F08BF5FEAC0
:1005F000500E50F1000041EB045170BD06F0004672
:1006000046EA010140EA020081EA0301B4EB5C041E
:10061000C2BFD4EB0C0541EA045170BD41F4801116
:100620004FF0000E013C00F3AB8014F1360FDEBF3B
:10063000002001F0004170BDC4F10004203C35DA17
:100640000C341BDC04F11404C4F1200500FA05F39A
:1006500020FA04F001FA05F240EA020001F000423B
:1006600021F0004110EBD37021FA04F642EB0601B1
:100670005EEA430E08BF20EAD37070BDC4F10C04DB
:10068000C4F1200500FA04F320FA05F001FA04F29F
:1006900040EA020001F0004110EBD37041F100018B
:1006A0005EEA430E08BF20EAD37070BDC4F1200596
:1006B00000FA05F24EEA020E20FA04F301FA05F2FE
:1006C00043EA020321FA04F001F0004121FA04F2A6
:1006D00020EA020000EBD3705EEA430E08BF20EA76
:1006E000D37070BD94F0000F0FD101F000464000B0
:1006F00041EB010111F4801F08BF013CF7D041EA32
:10070000060195F0000F18BF704703F00046520035
:1007100043EB030313F4801F08BF013DF7D043EA06
:100720000603704794EA0C0F0CEA135518BF95EABC
:100730000C0F0CD050EA410618BF52EA4306D1D143
:1007400081EA030101F000414FF0000070BD50EA62
:10075000410606BF1046194652EA430619D094EAEC
:100760000C0F02D150EA013613D195EA0C0F05D1D6
:1007700052EA03361CBF104619460AD181EA03012A
:1007800001F0004141F0FE4141F470014FF00000E2
:1007900070BD41F0FE4141F4780170BD70B54FF07D
:1007A000FF0C4CF4E06C1CEA11541DBF1CEA1355FD
:1007B00094EA0C0F95EA0C0F00F0A7F8A4EB0504DF
:1007C00081EA030E52EA03354FEA013100F08880D6
:1007D0004FEA03334FF0805545EA131343EA12639F
:1007E0004FEA022245EA111545EA10654FEA002654
:1007F0000EF000419D4208BF964244F1FD0404F50D
:10080000407402D25B084FEA3202B61A65EB030568
:100810005B084FEA32024FF480104FF4002CB6EB25
:10082000020E75EB030E22BFB61A754640EA0C00A5
:100830005B084FEA3202B6EB020E75EB030E22BFE5
:10084000B61A754640EA5C005B084FEA3202B6EB26
:10085000020E75EB030E22BFB61A754640EA9C00E5
:100860005B084FEA3202B6EB020E75EB030E22BFB5
:10087000B61A754640EADC0055EA060E18D04FEA73
:10088000051545EA16754FEA06164FEAC30343EA13
:1008900052734FEAC2025FEA1C1CC0D111F4801FE0
:1008A0000BD141EA00014FF000004FF0004CB6E7D9
:1008B00011F4801F04BF01430020B4F1FD0C88BF78
:1008C000BCF5E06F3FF6AFAEB5EB030C04BFB6EB83
:1008D000020C5FEA500C50F1000041EB045170BD76
:1008E0000EF0004E4EEA113114EB5C04C2BFD4EBA3
:1008F0000C0541EA045170BD41F480114FF0000E27
:10090000013C90E645EA060E8DE60CEA135594EAA2
:100910000C0F08BF95EA0C0F3FF43BAF94EA0C0FA5
:100920000AD150EA01347FF434AF95EA0C0F7FF41A
:1009300025AF104619462CE795EA0C0F06D152EA6E
:1009400003353FF4FDAE1046194622E750EA410652
:1009500018BF52EA43067FF4C5AE50EA41047FF463
:100960000DAF52EA43057FF4EBAE12E74FF0FF3CC8
:1009700006E000BF4FF0010C02E000BF4FF0010C99
:100980004DF804CD4FEA410C7FEA6C5C4FEA430C12
:1009900018BF7FEA6C5C1BD001B050EA410C0CBF61
:1009A00052EA430C91EA030F02BF90EA020F0020C3
:1009B000704710F1000F91EA030F58BF994208BF2A
:1009C00090422CBFD8176FEAE37040F001007047E7
:1009D0004FEA410C7FEA6C5C02D150EA013C07D13E
:1009E0004FEA430C7FEA6C5CD6D152EA033CD3D089
:1009F0005DF8040B704700BF8446104662468C4683
:100A00001946634600E000BF01B5FFF7B7FF0028B5
:100A100048BF10F1000F01BD4DF808EDFFF7F4FFDE
:100A20000CBF012000205DF808FB00BF4DF808ED69
:100A3000FFF7EAFF34BF012000205DF808FB00BF8C
:100A40004DF808EDFFF7E0FF94BF012000205DF8AE
:100A500008FB00BF4DF808EDFFF7CEFF94BF012063
:100A600000205DF808FB00BF4DF808EDFFF7C4FF5C
:100A700034BF012000205DF808FB00BF4FEA410CA5
:100A80007FEA6C5C02D150EA013C0AD14FEA430C88
:100A90007FEA6C5C02D152EA033C02D14FF00000C5
:100AA00070474FF0010070474FEA410212F5001203
:100AB00015D211D56FF47873B3EB625212D94FEAA5
:100AC000C12343F0004343EA505311F0004F23FA8F
:100AD00002F018BF404270474FF00000704750EAE4
:100AE000013005D111F0004008BF6FF000407047A1
:100AF0004FF00000704700BF4FEA4102B2F1E043FF
:100B000024BFB3F5001CDCF1FE5C0DD901F0004CF4
:100B10004FEAC0024CEA5070B2F1004F40EB830044
:100B200008BF20F00100704711F0804F21D113F170
:100B30003872BCBF01F00040704741F480114FEAA9
:100B40005252C2F11802C2F1200C10FA0CF320FA32
:100B500002F018BF40F001004FEAC1234FEAD3234F
:100B600003FA0CFC40EA0C0023FA02F34FEA4303B9
:100B7000CCE77FEA625307D150EA01331EBF4FF042
:100B8000FE4040F44000704701F0004040F0FE405D
:100B900040F40000704700BF53B94AB9002908BFAC
:100BA00000281CBF4FF0FF314FF0FF3000F06AB952
:100BB000ADF1080C6DE904CE00F006F8DDF804E0B4
:100BC000DDE9022304B070472DE9F047089D0C468B
:100BD000002B4ED194468C458646B2FA82F262D9F9
:100BE0004AB1C2F12003914020FA03F30CFA02FC4F
:100BF000194300FA02FE4FEA1C471FFA8CF6B1FBBC
:100C0000F7F44FEA1E4307FB141143EA014304FBC8
:100C100006F199420AD91CEB030304F1FF3080F07E
:100C20001281994240F20F81023C6344591A1FFA23
:100C30008EF3B1FBF7F007FB101143EA014300FB11
:100C400006F69E420AD91CEB030300F1FF3180F047
:100C5000FC809E4240F2F980634402389B1B40EACC
:100C6000044000211DB1D3400022C5E90032BDE897
:100C7000F0878B4205D90DB1C5E900010021084676
:100C8000F5E7B3FA83F1002946D1A34202D390429B
:100C9000C0F0F080861A64EB03030120002DE6D03B
:100CA000C5E90063E3E7002A40F09080A1EB0C0463
:100CB0004FEA1C481FFA8CF70121B4FBF8F64FEA03
:100CC0001E4308FB164443EA044307FB06F0984220
:100CD00008D91CEB030306F1FF3402D2984200F25C
:100CE000CD8026461C1A1FFA8EF3B4FBF8F008FBE1
:100CF000104443EA044300FB07F79F4208D91CEB6A
:100D0000030300F1FF3402D29F4200F2B08020467C
:100D1000DB1B40EA0640A5E7C1F120068B4022FA22
:100D200006F71F4320FA06FC04FA01F343EA0C031A
:100D3000F44000FA01F8380C4FEA1349B4FBF0FE16
:100D40001FFA87FC00FB1E4449EA04440EFB0CF921
:100D5000A14502FA01F20AD93C190EF1FF3A80F0DE
:100D60008480A14540F28180AEF1020E3C44A4EBA8
:100D700009041FFA83F9B4FBF0F300FB134449EABA
:100D8000044403FB0CFCA44507D93C1903F1FF30D4
:100D900067D2A44565D9023B3C4443EA0E40A0FB20
:100DA0000293A4EB0C049C42CE469C4651D34ED0F9
:100DB00055B1B8EB0E0364EB0C0404FA06F6CB4015
:100DC0001E43CC40C5E90064002150E7C2F1200376
:100DD00020FA03F10CFA02FC24FA03F394400C43CA
:100DE0004FEA1C4800FA02FE1FFA8CF7B3FBF8F03A
:100DF00008FB1031230C43EA014300FB07F1994241
:100E000008D91CEB030300F1FF362CD299422AD9F2
:100E1000023863445B1AA4B2B3FBF8F108FB113348
:100E200044EA034401FB07F3A34208D91CEB040482
:100E300001F1FF3613D2A34211D902396444E41AF6
:100E400041EA004139E70446F0E6084606E7C845AE
:100E5000AED2B9EB020E63EB070C0138A8E73146BE
:100E6000EDE7034699E73046D4E7D6467FE763448B
:100E700002384DE70646234608460FE7023E634424
:100E800030E700BF704700BF80B586B000AFF860A4
:100E9000B9607A607B800023FB74FB68BA681A60D3
:100EA000FB687A685A60FB687A881A81FB683A8C1A
:100EB0005A81FB68BA8C9A8100237B611BE0FA6837
:100EC0007B6904339B0013444FF000021A60FA68F8
:100ED0007B6906339B00134404334FF000021A6011
:100EE000FA687B690A339B0013444FF000021A60D2
:100EF0007B6901337B617B69022BE0DDFB6858680D
:100F0000FB681B890122194603F0C2FFFB68586881
:100F1000FB685B890122194603F0BAFFFB68586839
:100F2000FB689B890122194603F0B2FF07F1120208
:100F300001230021F86800F00BFA03461A46FB7CF7
:100F40001344FB74BB7CFA2B01D00023DBE0FB7C59
:100F50000133FB74B6221421F86800F048FA034606
:100F60001A46FB7C1344FB74142003F0EFFC0822A8
:100F70000F21F86800F03BFA03461A46FB7C134445
:100F8000FB74052003F0E2FC0A221021F86800F04F
:100F90002EFA03461A46FB7C1344FB74052003F02B
:100FA000D5FC00221121F86800F021FA03461A4608
:100FB000FB7C1344FB74052003F0C8FC4022132182
:100FC000F86800F014FA03461A46FB7C1344FB74DD
:100FD000052003F0BBFC07F1120201230021F86891
:100FE00000F036FA03461A46FB7C1344FB74BB7CC4
:100FF0000F2B01D0002386E0B6221421F86800F000
:1010000076FA03461A46FB7C1344FB74142003F063
:101010009DFC01220F21F86800F069FA03461A4688
:10102000FB7C1344FB74052003F090FC8722102105
:10103000F86800F05CFA03461A46FB7C1344FB7424
:10104000052003F083FC00221121F86800F04FFA1C
:1010500003461A46FB7C1344FB74052003F076FC20
:1010600000221221F86800F042FA03461A46FB7C7F
:101070001344FB74052003F069FC40221321F86837
:1010800000F035FA03461A46FB7C1344FB74052036
:1010900003F05CFC00224B21F86800F0A8FA03463C
:1010A0001A46FB7C1344FB74052003F04FFC83229B
:1010B0004B21F86800F09BFA03461A46FB7C134468
:1010C000FB74142003F042FC07F1120201234021BB
:1010D000F86800F03DFA03461A46FB7C1344FB74A3
:1010E000BB7C322B01D000230DE000224C21F8689C
:1010F00000F07DFA03461A46FB7C1344FB7405207E
:1011000003F024FCFB7C18461837BD4680BD000068
:1011100080B586B000AF786007F10C02072302218A
:10112000786800F015F90346FB757B7B1B021AB249
:101130003B7B1BB203F0F0031BB213431BB21B112A
:10114000BB82B7F9143007EE903AF8EEE77A9FEDDC
:10115000277A67EE877A7B68C3ED047AFB7B1B02F4
:101160001AB2BB7B1BB203F0F0031BB213431BB2DA
:101170001B11BB82B7F9143007EE903AF8EEE77A0C
:101180009FED1B7A67EE877A7B68C3ED057A7B7CDF
:101190001B021AB23B7C1BB203F0F0031BB21343D9
:1011A0001BB21B11BB82B7F9143007EE903AF8EE70
:1011B000E77A9FED0F7A67EE877A7B68C3ED067A50
:1011C000BB7C5BB207EE903AF8EEE77AB6EE007AB7
:1011D00067EE877AB3EE077A77EE877A7B68C3ED9E
:1011E0000D7AFB7D18461837BD4680BD9A0E1D3D11
:1011F0009A0E1DBD80B586B000AF786007F10C0275
:1012000006230221786800F023F90346FB757B7BF7
:101210001B021AB23B7B1BB21343BB82B7F91430DB
:1012200007EE903AF8EEE77A9FED197A67EE877A43
:101230007B68C3ED077AFB7B1B021AB2BB7B1BB238
:101240001343BB82B7F9143007EE903AF8EEE77A11
:101250009FED107A67EE877A7B68C3ED087A7B7C16
:101260001B021AB23B7C1BB21343BB82B7F914308A
:1012700007EE903AF8EEE77A9FED067A67EE877A06
:101280007B68C3ED097AFB7D18461837BD4680BDE3
:10129000787D0B3A787D0BBA80B586B000AF786068
:1012A00007F10C0206234221786800F051F9034649
:1012B000FB757B7B5BB25B011AB23B7BDB08DBB26D
:1012C0001BB21343BB82B7F9143007EE903AF8EE25
:1012D000E77A9FED1D7A67EE877A7B68C3ED0A7A1D
:1012E000FB7B5BB25B011AB2BB7BDB08DBB21BB2E0
:1012F0001343BB82B7F9143007EE903AF8EEE77A61
:101300009FED127A67EE877A7B68C3ED0B7A7B7C60
:101310005BB2DB011AB23B7C5B08DBB21BB213434E
:10132000BB82B7F9143007EE903AF8EEE77A9FEDFA
:10133000077A67EE877A7B68C3ED0C7AFB7D1846E7
:101340001837BD4680BD00BF1D5F4A3B1D5F4ABBCD
:1013500080B586B000AFF8607A601A460B46FB7223
:1013600013463B81FB685868FB681B8900221946BD
:1013700003F08EFDFB7A63F07F03DBB2FB75FB6845
:10138000186807F117014FF0FF33012205F0A8FAA2
:101390000346002B09D0FB685868FB681B890122B3
:1013A000194603F075FD00231DE0FB6818683A89B3
:1013B0004FF0FF33796805F0C7FB0346002B09D0D7
:1013C000FB685868FB681B890122194603F060FD21
:1013D000002308E0FB685868FB681B890122194656
:1013E00003F056FD012318461837BD4680BD80B571
:1013F00084B000AF78600B46FB701346BB707B680F
:1014000058687B681B890022194603F041FDFB7870
:101410003B73BB787B737B68186807F10C014FF056
:10142000FF33022205F05CFA0346002B0CBF0123B8
:101430000023DBB2FB737B6858687B681B89012241
:10144000194603F025FDFB7B18461037BD4680BDCD
:1014500080B586B000AFF8607A601A460B46FB7222
:1014600013463B81FB685868FB685B89002219467C
:1014700003F00EFDFB7A63F07F03DBB2FB75FB68C4
:10148000186807F117014FF0FF33012205F028FA21
:101490000346002B09D0FB685868FB685B89012272
:1014A000194603F0F5FC00231DE0FB6818683A8933
:1014B0004FF0FF33796805F047FB0346002B09D056
:1014C000FB685868FB685B890122194603F0E0FC61
:1014D000002308E0FB685868FB685B890122194615
:1014E00003F0D6FC012318461837BD4680BD80B5F1
:1014F00084B000AF78600B46FB701346BB707B680E
:1015000058687B685B890022194603F0C1FCFB78B0
:101510003B73BB787B737B68186807F10C014FF055
:10152000FF33022205F0DCF90346002B0CBF012338
:101530000023DBB2FB737B6858687B685B89012200
:10154000194603F0A5FCFB7B18461037BD4680BD4D
:1015500080B586B000AFF8607A601A460B46FB7221
:1015600013463B81FB685868FB689B89002219463B
:1015700003F08EFCFB7A63F07F03DBB2FB75FB6844
:10158000186807F117014FF0FF33012205F0A8F9A1
:101590000346002B09D0FB685868FB689B89012231
:1015A000194603F075FC00231DE0FB6818683A89B2
:1015B0004FF0FF33796805F0C7FA0346002B09D0D6
:1015C000FB685868FB689B890122194603F060FCA0
:1015D000002308E0FB685868FB689B8901221946D4
:1015E00003F056FC012318461837BD4680BD80B570
:1015F00084B000AF78600B46FB701346BB707B680D
:1016000058687B689B890022194603F041FCFB78EF
:101610003B73BB787B737B68186807F10C014FF054
:10162000FF33022205F05CF90346002B0CBF0123B7
:101630000023DBB2FB737B6858687B689B890122BF
:10164000194603F025FCFB7B18461037BD4680BDCC
:1016500080B485B000AFF86087ED020A79603A6027
:10166000FB684FF000021A60FB684FF000025A60FE
:10167000FB68BA689A60FB684FF00002DA60FB68AA
:101680004FF000021A61FB68BA685A617B681A68F9
:10169000FB689A617B685A68FB68DA613B681A6884
:1016A000FB681A623B685A68FB685A623B689A6832
:1016B000FB689A62FB684FF00002DA62FB684FF049
:1016C00000021A63FB684FF000025A6300BF143730
:1016D000BD465DF8047B704780B592B000AFF860FE
:1016E000B96087ED010ABB681B687B64BB685B68F7
:1016F0003B64BB689B68FB63BB681A68FB68DA6283
:10170000BB685A68FB681A63BB689A68FB685A63CF
:10171000FB681B681846FEF7BFFE02460B4643EC0B
:10172000102B07F0F5FF53EC102B10461946FFF76E
:10173000E3F90346BB63FB681B681846FEF7ACFE83
:1017400002460B4643EC102B07F08EFF53EC102B98
:1017500010461946FFF7D0F903467B63D24B3B6333
:10176000FB68D3ED017AF0EEE77A9FEDD07AF4EEE4
:10177000C77AF1EE10FA00F39181FB68D3ED017A9C
:10178000F0EEE77A9FEDCA7AF4EEC77AF1EE10FA3E
:1017900000F18481FB6893ED007AD7ED106AD7EDF4
:1017A0000E7A66EEA76A97ED0F6AD7ED0D7A66EEB0
:1017B000277A76EEA76AD7ED0C7A66EEA76AD7EDA0
:1017C000117A76EEA76AD7ED017A66EEA77A77EE00
:1017D000277AFB68C3ED007AFB6893ED017AD7EDB9
:1017E000106AD7ED0D7A66EEA76A97ED0F6AD7ED0E
:1017F0000E7A66EE277A76EEE76AD7ED017A66EE24
:10180000A77A77EE277AFB68C3ED017AFB681B683D
:101810001846FEF741FE02460B4643EC102B07F03C
:1018200077FF53EC102B10461946FFF765F9034676
:10183000BB63FB681B681846FEF72EFE02460B468C
:1018400043EC102B07F010FF53EC102B10461946F9
:10185000FFF752F903467B63FB68D3ED017AF0EEA4
:10186000E77A9FED927AF4EEC77AF1EE10FA00F380
:101870001781FB68D3ED017AF0EEE77A9FED8C7A61
:10188000F4EEC77AF1EE10FA00F10A8197ED107AC2
:10189000D7ED0D7A27EE277AD7ED0F6AD7ED0E7ABE
:1018A00066EEA77A37EE677AD7ED0C7A67EE277A7D
:1018B000C7ED087A97ED0F7AD7ED0D7A27EE277AE4
:1018C000D7ED106AD7ED0E7A66EEA77A37EE277A53
:1018D000D7ED0C7A67EEA77AF7EE006A77EEA67A74
:1018E00067EE277AC7ED097A97ED0F7AD7ED0D7A73
:1018F00027EE277AD7ED106AD7ED0E7A66EEA77A33
:1019000077EE277AF1EE677AC7ED0A7A4FF0000397
:10191000FB62FB6893ED067AD7ED087A77EEA76A4B
:10192000FB68D3ED027A66EEA77A37EE277AD7ED19
:10193000096AFB68D3ED037A66EEA77A37EE277A59
:10194000D7ED096AFB68D3ED047A66EEA77A37EE25
:10195000277AD7ED017A67EE277AC7ED047A97EDFB
:10196000087AFB68D3ED037A27EE277AD7ED0A6A67
:10197000FB68D3ED027A66EEA77A37EE277AD7EDC9
:10198000096AFB68D3ED057A66EEA77A37EE277A07
:10199000D7ED0B6AFB68D3ED037A66EEA77A37EED4
:1019A000277AD7ED017A67EE277AC7ED057A97EDAA
:1019B000087AFB68D3ED047A27EE277AD7ED0A6A16
:1019C000FB68D3ED027A66EEA77A37EE277AD7ED79
:1019D000096AFB68D3ED057A66EEA77A37EE277AB7
:1019E000D7ED0B6AFB68D3ED047A66EEA77A37EE83
:1019F000277AD7ED017A67EE277AC7ED067AFB687A
:101A000093ED077AD7ED0A6AFB68D3ED037A66EEA9
:101A1000A77A37EE277AD7ED0A6AFB68D3ED047A06
:101A200066EEA77A37EE277AD7ED0B7A77EEA76ABC
:101A3000FB68D3ED057A66EEA77A37EE277AD7ED05
:101A4000017A67EE277AC7ED077AFB6893ED027A91
:101A5000D7ED047A77EE277AFB68C3ED027AFB684C
:101A600093ED037AD7ED057A77EE277AFB68C3ED1D
:101A7000037AFB6893ED047AD7ED067A77EE277A3E
:101A8000FB68C3ED047AFB6893ED057AD7ED077A1E
:101A900077EE277AFB68C3ED057A02E000BF00E02D
:101AA00000BF4837BD4680BD286B6E4ECF2DCA3F64
:101AB000E6F1C73F80B5B6B000AFF860B96087ED1A
:101AC000010AFB68DB6AC7F8D430FB681B6BC7F8F8
:101AD000D030FB685B6BC7F8CC30BB681B68C7F8BD
:101AE000C830BB685B68C7F8C430BB689B68C7F880
:101AF000C030FB681B681846FEF7CEFC02460B465A
:101B000043EC102B07F004FE53EC102B1046194643
:101B1000FEF7F2FF0346C7F8BC30FB681B681846A7
:101B2000FEF7BAFC02460B4643EC102B07F09CFD77
:101B300053EC102B10461946FEF7DEFF0346C7F89C
:101B4000B830FB685B681846FEF7A6FC02460B46F9
:101B500043EC102B07F0DCFD53EC102B104619461C
:101B6000FEF7CAFF0346C7F8B430FB685B68184647
:101B7000FEF792FC02460B4643EC102B07F074FD77
:101B800053EC102B10461946FEF7B6FF0346C7F874
:101B9000B03097ED347AD7ED017A27EE277AD7ED7A
:101BA0002D7A27EE277AD7ED2D7ADFEDF06A67EEF2
:101BB000A67A77EE277AC7ED277A97ED337AD7EDB5
:101BC000017A27EE277AD7ED2C7A27EE277AD7ED00
:101BD000356AD7ED017A66EEA76AD7ED2D7A66EE03
:101BE000A77A37EE677AD7ED2C7ADFEDE06A67EEF9
:101BF000A66AD7ED2F7A66EEA77A77EE677AC7EDF9
:101C0000287AD7ED347AB1EE677AD7ED017A27EEEC
:101C1000277AD7ED2C7A27EE277AD7ED2C7ADFEDCD
:101C2000D36A67EEA66AD7ED2E7A66EEA77A77EECC
:101C3000677AC7ED297A4FF00003C7F8843097ED33
:101C4000347AD7ED017A27EE277AD7ED2C7A27EE72
:101C5000277AD7ED2C7ADFEDC56A67EEA67A77EEA4
:101C6000277AC7ED227AD7ED2E7A9FEDC17A27EE3B
:101C7000877AD7ED2C7A67EE277AC7ED237AD7EDEE
:101C8000337AB1EE677AD7ED017A27EE277AD7ED6E
:101C90002D7A27EE277AD7ED356AD7ED017A66EEF1
:101CA000A76AD7ED2C7A66EEA77A37EE677AD7ED7A
:101CB0002F7ADFEDAE6A67EEA66AD7ED2D7A66EE73
:101CC000A77A77EE277AC7ED247AD7ED2F7A9FEDA2
:101CD000A77A27EE877AD7ED2C7A67EE277AC7EDB9
:101CE000257A97ED347AD7ED017A27EE277AD7ED6A
:101CF0002E7ADFED9E6A67EEA67A37EE277AD7ED69
:101D00002D7A67EE277AC7ED267AFB6893ED057A80
:101D1000D7ED227A27EE277AD7ED227A27EE277A97
:101D2000FB68D3ED087A77EE277AC7ED187A97ED3E
:101D3000227AD7ED237A27EE277AFB68D3ED047A4F
:101D400027EE277AD7ED226AD7ED247A66EEA76AC6
:101D5000FB68D3ED057A66EEA77A77EE277AC7EDB2
:101D6000197A97ED227AD7ED257A27EE277AFB6844
:101D7000D3ED047A27EE277AD7ED226AD7ED267ABB
:101D800066EEA76AFB68D3ED057A66EEA77A77EE72
:101D9000277AC7ED1A7A97ED227AD7ED236AFB6886
:101DA000D3ED037A66EEA76A97ED246AFB68D3ED5C
:101DB000057A66EE277A76EEA77A67EE277AC7ED80
:101DC0001B7AFB6893ED097AD7ED236A97ED236AB6
:101DD000FB68D3ED027A26EE276AD7ED245AFB681A
:101DE000D3ED047A65EEA77A76EE277A66EEA77AC7
:101DF00037EE277AD7ED246A97ED236AFB68D3ED97
:101E0000037A26EE276AD7ED245AFB68D3ED057ACC
:101E100065EEA77A76EE277A66EEA77A77EE277ACE
:101E2000C7ED1C7A97ED257AD7ED236AFB68D3EDD1
:101E3000027A66EEA76A97ED246AFB68D3ED047A0E
:101E400066EE277A76EEA77A27EE277AD7ED266A0E
:101E500097ED236AFB68D3ED037A26EE276AD7ED68
:101E6000245AFB68D3ED057A65EEA77A76EE277AD9
:101E700066EEA77A77EE277AC7ED1D7A97ED227A7C
:101E8000D7ED256AFB68D3ED037A66EEA76A97ED76
:101E9000266AFB68D3ED057A66EE277A76EEA77A96
:101EA00067EE277AC7ED1E7A97ED237AD7ED256A7C
:101EB000FB68D3ED027A66EEA76A97ED266AFB68A7
:101EC000D3ED047A66EE277A76EEA77A27EE277AA4
:101ED000D7ED246A97ED256AFB68D3ED037A26EEE9
:101EE000276AD7ED265AFB68D3ED057A65EEA77A07
:101EF00076EE277A66EEA77A77EE277AC7ED1F7A15
:101F0000FB6893ED0A7AD7ED256A97ED256AFB68A1
:101F1000D3ED027A26EE276AD7ED265AFB68D3ED79
:101F2000047A65EEA77A76EE277A66EEA77A37EE20
:101F3000277AD7ED266A97ED256AFB68D3ED037AF9
:101F400026EE276AD7ED265AFB68D3ED057A65EEB3
:101F5000A77A76EE277A66EEA77A77EE277AC7ED2C
:101F6000207A97ED187AD7ED1C7A07E0C3F51C416B
:101F7000C3F51CC1BD3786B5BD37863527EE277A38
:101F8000D7ED207A27EE277AD7ED186AD7ED1D7A9C
:101F900066EEA76AD7ED1F7A66EEA77A37EE677A04
:101FA000D7ED196AD7ED1B7A66EEA76AD7ED207ACE
:101FB00066EEA77A37EE677AD7ED196AD7ED1D7A04
:101FC00066EEA76AD7ED1E7A66EEA77A37EE277A15
:101FD000D7ED1A6AD7ED1B7A66EEA76AD7ED1F7A9E
:101FE00066EEA77A37EE277AD7ED1A6AD7ED1C7A14
:101FF00066EEA76AD7ED1E7A66EEA77A77EE677A65
:10200000C7ED2B7AD7ED2B7A1FED267AF4EEC77A3F
:10201000F1EE10FA09D4D7ED2B7A1FED297AF4EE00
:10202000C77AF1EE10FA40F37883F7EE006A97ED85
:102030002B7AC6EE877AC7ED2A7A97ED1C7AD7ED10
:10204000207A27EE277AD7ED1D6AD7ED1F7A66EE44
:10205000A77A37EE677AD7ED2A7A67EE277AC7ED47
:10206000057AD7ED2A7AB1EE677AD7ED196AD7EDFE
:10207000207A66EEA76A97ED1A6AD7ED1F7A66EEA8
:10208000277A76EEE77A67EE277AC7ED067A97ED3C
:10209000197AD7ED1D7A27EE277AD7ED1A6AD7ED90
:1020A0001C7A66EEA77A37EE677AD7ED2A7A67EE62
:1020B000277AC7ED077AD7ED2A7AB1EE677AD7ED9E
:1020C0001B6AD7ED207A66EEA76A97ED1D6AD7EDF9
:1020D0001E7A66EE277A76EEE77A67EE277AC7ED04
:1020E000087A97ED187AD7ED207A27EE277AD7ED80
:1020F0001A6AD7ED1E7A66EEA77A37EE677AD7EDC1
:102100002A7A67EE277AC7ED097AD7ED2A7AB1EEF7
:10211000677AD7ED186AD7ED1D7A66EEA76A97ED54
:102120001A6AD7ED1B7A66EE277A76EEE77A67EEC3
:10213000277AC7ED0A7A97ED1B7AD7ED1F7A27EE3B
:10214000277AD7ED1C6AD7ED1E7A66EEA77A37EEAE
:10215000677AD7ED2A7A67EE277AC7ED0B7AD7ED43
:102160002A7AB1EE677AD7ED186AD7ED1F7A66EE54
:10217000A76A97ED196AD7ED1E7A66EE277A76EE92
:10218000E77A67EE277AC7ED0C7A97ED187AD7EDE4
:102190001C7A27EE277AD7ED196AD7ED1B7A66EEFF
:1021A000A77A37EE677AD7ED2A7A67EE277AC7EDF6
:1021B0000D7A97ED087AD7ED236AFB68D3ED027AA2
:1021C00066EEA76A97ED246AFB68D3ED037A66EEA4
:1021D000277A76EEA77A27EE277AD7ED0B6A97ED66
:1021E000256AFB68D3ED027A26EE276AD7ED265AD8
:1021F000FB68D3ED037A65EEA77A76EE277A66EE72
:10220000A77A37EE277AD7ED226AD7ED057A66EE00
:10221000A76AFB68D3ED037A66EEA77A77EE277A92
:10222000C7ED127A97ED097AD7ED236AFB68D3EDF3
:10223000027A66EEA76A97ED246AFB68D3ED037A0B
:1022400066EE277A76EEA77A27EE277AD7ED0C6A24
:1022500097ED256AFB68D3ED027A26EE276AD7ED63
:10226000265AFB68D3ED037A65EEA77A76EE277AD5
:1022700066EEA77A37EE277AD7ED226AD7ED067A8F
:1022800066EEA76AFB68D3ED037A66EEA77A77EE6F
:10229000277AC7ED137A97ED0A7AD7ED236AFB68A0
:1022A000D3ED027A66EEA76A97ED246AFB68D3ED58
:1022B000037A66EE277A76EEA77A27EE277AD7EDAD
:1022C0000D6A97ED256AFB68D3ED027A26EE276A40
:1022D000D7ED265AFB68D3ED037A65EEA77A76EE42
:1022E000277A66EEA77A37EE277AD7ED226AD7EDFE
:1022F000077A66EEA76AFB68D3ED037A66EEA77AE3
:1023000077EE277AC7ED147A97ED087AD7ED236A2E
:10231000FB68D3ED047A66EEA76A97ED246AFB6842
:10232000D3ED057A66EE277A76EEA77A27EE277A3E
:10233000D7ED0B6A97ED256AFB68D3ED047A26EE9C
:10234000276AD7ED265AFB68D3ED057A65EEA77AA2
:1023500076EE277A66EEA77A37EE277AD7ED226AED
:10236000D7ED057A66EEA76AFB68D3ED057A66EECF
:10237000A77A77EE277AC7ED157A97ED097AD7ED28
:10238000236AFB68D3ED047A66EEA76A97ED246AA8
:10239000FB68D3ED057A66EE277A76EEA77A27EE0C
:1023A000277AD7ED0C6A97ED256AFB68D3ED047A9E
:1023B00026EE276AD7ED265AFB68D3ED057A65EE3F
:1023C000A77A76EE277A66EEA77A37EE277AD7EDE8
:1023D000226AD7ED067A66EEA76AFB68D3ED057A26
:1023E00066EEA77A77EE277AC7ED167A97ED0A7A26
:1023F000D7ED236AFB68D3ED047A66EEA76A97ED02
:10240000246AFB68D3ED057A66EE277A76EEA77A22
:1024100027EE277AD7ED0D6A97ED256AFB68D3ED95
:10242000047A26EE276AD7ED265AFB68D3ED057AA3
:1024300065EEA77A76EE277A66EEA77A37EE277AE8
:10244000D7ED226AD7ED077A66EEA76AFB68D3ED6F
:10245000057A66EEA77A77EE277AC7ED177AFB68DA
:10246000D3ED047AB1EE677AD7ED226AD7ED127A0E
:1024700066EEA76A97ED246AD7ED137A66EE277A9F
:1024800076EEA76A97ED266AD7ED147A66EE277A7C
:1024900076EEA77A27EE277AFB68D3ED026A97EDEE
:1024A000236AD7ED137A26EE276AD7ED255AD7EDA2
:1024B000147A65EEA77A76EE277AB7EE006A77EEA1
:1024C000C67A66EEA77A77EE677AC7ED0E7AFB6872
:1024D000D3ED057AB1EE677AD7ED226AD7ED127A9D
:1024E00066EEA76A97ED246AD7ED137A66EE277A2F
:1024F00076EEA76A97ED266AD7ED147A66EE277A0C
:1025000076EEA77A27EE277AFB68D3ED036A97ED7C
:10251000236AD7ED137A26EE276AD7ED255AD7ED31
:10252000147A65EEA77A76EE277AB7EE006A77EE30
:10253000C67A66EEA77A77EE677AC7ED0F7AFB6800
:10254000D3ED047AB1EE677AD7ED226AD7ED157A2A
:1025500066EEA76A97ED246AD7ED167A66EE277ABB
:1025600076EEA76A97ED266AD7ED177A66EE277A98
:1025700076EEA77AF7EE006A77EEE67A27EE277A0C
:10258000FB68D3ED026A97ED236AD7ED167A26EE43
:10259000276AD7ED255AD7ED177A65EEA77A76EE3A
:1025A000277A66EEA77A77EE677AC7ED107AFB682E
:1025B000D3ED057AB1EE677AD7ED226AD7ED157AB9
:1025C00066EEA76A97ED246AD7ED167A66EE277A4B
:1025D00076EEA76A97ED266AD7ED177A66EE277A28
:1025E00076EEA77AF7EE006A77EEE67A27EE277A9C
:1025F000FB68D3ED036A97ED236AD7ED167A26EED2
:10260000276AD7ED255AD7ED177A65EEA77A76EEC9
:10261000277A66EEA77A77EE677AC7ED117AFB68BC
:1026200093ED027AD7ED0E7A77EE277AFB68C3ED49
:10263000027AFB6893ED037AD7ED0F7A77EE277A6B
:10264000FB68C3ED037AFB6893ED047AD7ED107A4B
:1026500077EE277AFB68C3ED047AFB6893ED057A81
:10266000D7ED117A77EE277AFB68C3ED057AFB6820
:1026700093ED007AD7ED126AD7ED277A97ED326A9B
:1026800076EE677A66EEA77A37EE277AD7ED136A89
:10269000D7ED287A97ED316A76EE677A66EEA77AFB
:1026A00037EE277AD7ED146AD7ED297A97ED306A9D
:1026B00076EE677A66EEA77A77EE277AFB68C3ED47
:1026C000007AFB6893ED017AD7ED156AD7ED277A8A
:1026D00097ED326A76EE677A66EEA77A37EE277A5A
:1026E000D7ED166AD7ED287A97ED316A76EE677ADC
:1026F00066EEA77A37EE277AD7ED176AD7ED297AF3
:1027000097ED306A76EE677A66EEA77A77EE277AEB
:10271000FB68C3ED017A012300E000231846D83797
:10272000BD4680BD80B487B000AFF8600B4687ED32
:10273000010AC7ED000AFB72D7ED017A9FED2E7AF0
:1027400067EE877AC7ED057AFB7A012B41D1D7ED89
:10275000057A9FED2A7A27EE877AD7ED057A27EE5C
:10276000277AD7ED007A27EE277AD7ED007A67EE41
:10277000277AFB68C3ED037AD7ED057A9FED207ABF
:1027800027EE877AD7ED007A67EE277AB7EE007AE0
:1027900037EE877AFB68D3ED037A37EE277AF7EEC8
:1027A000006AC6EE877AFB68C3ED047AD7ED057A36
:1027B0009FED137A27EE877AD7ED007A67EE277AB6
:1027C000B0EE007A77EE877AF1EE677AFB68C3EDB8
:1027D000057AFB684FF000025A60FB684FF0000278
:1027E0009A60FB684FF000021A6000BF1C37BD46BC
:1027F0005DF8047B704700BFDB0FC940F9A0CF3FF5
:102800001B2F0D4080B483B000AF786087ED000AC5
:102810007B685A687B689A607B681A687B685A6034
:102820007B6893ED047A7B68D3ED036AD7ED007A79
:1028300066EEA76A7B6893ED056A7B68D3ED017A43
:1028400026EE276A7B68D3ED027A76EE277A76EE5B
:10285000E77A67EE277A7B68C3ED007A7B681B68AE
:1028600007EE903AB0EE670A0C37BD465DF8047B80
:102870007047000080B58CB004AFF860B9601346B3
:10288000FB71FB68BA681A60FB7907EE903AF8EEC4
:10289000E77A9FED537A27EE877ADFED526AC6EE2C
:1028A000877AB6EE007A77EE877AB7EE007A77EE1F
:1028B000C77AFCEEE77AC7ED007A3B78DAB2FB68BC
:1028C0001A714FF400433B83FB68186807F1180244
:1028D000642300930223802102F076FC0A2002F098
:1028E00035F8FB681868642302930123019307F10C
:1028F0001703009301230022802102F063FD0023CF
:102900003B76FB7D5BB203F06F035BB243F01003D9
:102910005BB2DBB27B76FB68186807F118026423B0
:1029200000930223802102F04FFCFE233B76FB68DC
:102930001B797B76FB68186807F118026423009303
:102940000223802102F040FC00233B76FB7D7B7656
:10295000052001F0FBFFFB7D63F05F03DBB27B76BC
:10296000FB68186807F11802642300930223802192
:1029700002F02AFCFB681868642302930123019388
:1029800007F11703009301230122802102F01AFDB1
:10299000FB7D43F00403DBB2FB7501233B76FB7D3B
:1029A0007B76FB68186807F1180264230093022302
:1029B000802102F009FC0023FB6108E0FA68FB6952
:1029C0005B0013440022DA80FB690133FB61FB6981
:1029D000072BF3DD00BF00BF2037BD4680BD00BF21
:1029E0000000804520BCBE4B80B584B000AF78604D
:1029F0000B46FB7013463B807B681B79013307EE67
:102A0000903AF8EEE77A9FED117A27EE877ADFEDBC
:102A1000106AC7EE267AC7ED037A3B8807EE903A34
:102A2000F8EEE76A97ED037AC6EE877AFCEEE77A6E
:102A300017EE903A7B817B89F9780022786800F064
:102A400009F800BF1037BD4680BD00BF002474499F
:102A500020BCBE4B80B588B002AFF8600846114676
:102A60001A460346FB720B463B811346FB80FB7AFA
:102A70009B00DBB20633DBB23B743B89DBB27B7479
:102A80003B891B0A9BB2DBB2BB74FB88DBB2FB74D5
:102A9000FB881B0A9BB2DBB23B75FB68186807F129
:102AA0001002642300930523802102F08DFB00BFF8
:102AB0001837BD4680BD80B487B000AF786187ED20
:102AC000040AC7ED030A87ED021AC7ED011A7B69F4
:102AD0003A691A607B69FA685A607B69BA68DA6099
:102AE0007B697A681A617B694FF00002DA617B6961
:102AF0004FF000021A627B694FF000025A627B6954
:102B00004FF000025A617B694FF000029A6100BFEA
:102B10001C37BD465DF8047B704780B48BB000AFB6
:102B2000F86087ED020AC7ED010A87ED001A97EDFC
:102B3000027AD7ED017A77EE677AC7ED067AFB68FD
:102B4000D3ED007A97ED067A67EE277AC7ED057A1E
:102B5000FB68D3ED027A97ED027A67EE277AC7ED2C
:102B6000097AFB68D3ED067A97ED097AB4EEE77A35
:102B7000F1EE10FA03DDFB689B697B620CE0FB68F9
:102B8000D3ED057A97ED097AB4EEE77AF1EE10FA13
:102B900002D5FB685B697B62FB6893ED077AD7ED32
:102BA000007AF6EE006A67EEA66AFB68D3ED017A5A
:102BB00066EEA76AFB6893ED086AD7ED067A76EEB3
:102BC000277A66EEA77A77EE277AFB68C3ED077A55
:102BD000FB6893ED047AD7ED057A37EE677AD7ED87
:102BE000097A77EE677AF5EEC07AF1EE10FA09DD30
:102BF000FB6893ED047AD7ED057A77EE677AC7ED37
:102C0000077A02E04FF00003FB61FB6893ED037A63
:102C1000D7ED057A37EE677AD7ED097A77EE677ADE
:102C2000F5EEC07AF1EE10FA09D5FB6893ED037A60
:102C3000D7ED057A77EE677AC7ED087A02E04FF0B4
:102C400000033B62FB68D3ED077A97ED077AB4EE99
:102C5000E77AF1EE10FA03D5FB68FA69DA610CE065
:102C6000FB68D3ED077A97ED087AB4EEE77AF1EED8
:102C700010FA02DDFB683A6ADA6197ED057AD7ED62
:102C8000097A37EE277AFB68D3ED077A77EE277A51
:102C9000FB68C3ED097AFB6893ED097AFB68D3ED15
:102CA000047AB4EEE77AF1EE10FA04DDFB681A69F3
:102CB000FB685A620EE0FB6893ED097AFB68D3ED7E
:102CC000037AB4EEE77AF1EE10FA03D5FB68DA681E
:102CD000FB685A62FB68BA691A62FB685B6A07EEB6
:102CE000903AB0EE670A2C37BD465DF8047B70471A
:102CF00080B485B000AFF860B9607A60FB68074ABD
:102D00001A60BB68064A1A607B6880221A6000BF9E
:102D10001437BD465DF8047B704700BF6801002092
:102D2000BC01002080B500AF0B4B1B6903F0010311
:102D3000002B04D0094B5B6A094A136007E0074B7C
:102D40005A6A074B1B68D31A5B08064A13600120B6
:102D500002F0D2F800BF80BD00000240000C00402D
:102D6000600800207008002080B500AF0B4B1B6985
:102D700003F00203002B04D0094B5B6A094A53603D
:102D800007E0074B5A6A074B5B68D31A5B08064A91
:102D90005360022002F0B0F800BF80BD0000024086
:102DA000000C0040600800207008002080B500AFD3
:102DB000234B5B6903F04003002B1CD0214B1B69A4
:102DC00003F04003002B04D01F4B5B6A1F4A936043
:102DD0000DE01C4B1B6903F04003002B07D11A4B7D
:102DE0005A6A1A4B9B68D31A5B08194A93604020B1
:102DF00002F082F821E0124B5B6903F08003002BA4
:102E00001BD0104B1B6903F08003002B04D00E4B2A
:102E10005B6A0E4AD3600DE00A4B1B6903F0800326
:102E2000002B07D1084B5A6A084BDB68D31A5B08A2
:102E3000074AD360802002F05FF800BF80BD00BF6A
:102E4000003C014000040240000C004060080020EB
:102E500070080020B0B5BAB002AF01F035FD00F047
:102E60004FFF01F033F900F0B5FF00F0E1FF01F092
:102E70000DF801F041F801F075F801F0A9F801F042
:102E8000D1F801F0F9F800233B60BE4B1B6CBD4A42
:102E900043F008031364BB4B1B6C03F008033B6057
:102EA0003B6803F05FFC0346B74AA2FB03239B0C7D
:102EB000B64A013B9362B54B01221A60B34B4FF007
:102EC000FF32DA62B14B6FF001025A62B04B07F188
:102ED000C0041D460FCD0FC495E8070084E8070025
:102EE00007F1C0030021184605F05BF90346A94A23
:102EF0001360A94B07F1A4041D460FCD0FC495E83C
:102F0000070084E8070007F1A4030021184605F034
:102F100048F90346A14A1360A14B07F188041D46F6
:102F20000FCD0FC495E8070084E8070007F1880378
:102F30000021184605F035F903469A4A13609A4B6A
:102F400007F16C041D460FCD0FC495E8070084E817
:102F5000070007F16C030021184605F022F903462B
:102F6000924A1360924B07F150041D460FCD0FC4D7
:102F700095E8070084E8070007F150030021184690
:102F800005F00FF903468B4A13608B4B07F13404AD
:102F90001D460FCD0FC495E8070084E8070007F130
:102FA00034030021184605F0FCF80346834A1360F9
:102FB000834B07F118041D460FCD0FC495E8070099
:102FC00084E8070007F118030021184605F0E9F826
:102FD00003467C4A136020230193102300930823A7
:102FE000794A7A497A48FDF74FFF0346002B04D10E
:102FF00001220421774801F04BFF322276497748BD
:10300000FFF738FC002200217448FFF7EDFC002296
:1030100001217248FFF7E8FC002202216F48FFF708
:10302000E3FC002203216D48FFF7DEFC4FF47A70C9
:1030300001F08CFC4FF4FA7200216848FFF7D4FCD1
:103040004FF4FA7201216548FFF7CEFC4FF4FA7293
:1030500002216248FFF7C8FC4FF4FA7203215F486F
:10306000FFF7C2FC4FF47A7001F070FC5C4B012258
:103070001A700023C7F8DC3034E0D7F8DC201346A0
:103080005B001344DB00574A1344DFED570AB2EEEE
:10309000040A01211846FFF745FBD7F8DC20134648
:1030A0005B001344DB00514A1344DFED510A9FEDEE
:1030B000510A01211846FFF735FBD7F8DC201346EB
:1030C0005B001344DB004C4A1344DFED4C0AB1EEC5
:1030D000040A01211846FFF725FBD7F8DC3001333D
:1030E000C7F8DC30D7F8DC30022BC6DD0023C7F888
:1030F000DC3014E0D7F8DC2013465B001344DB001F
:103100003F4A1344DFED3A0AB1EE0E0A0121184698
:10311000FFF708FBD7F8DC300133C7F8DC30D7F80D
:10312000DC30032BE6DD374A07F1100392E8030099
:1031300083E80300344A3B1D07CA83E807003A1DB1
:1031400007F110031946B2EE040A3048FEF780FA80
:10315000DFED2F1A9FED2F1ADFED280A9FED2E0AC3
:103160002E48FFF7A8FCDFED2A1A9FED2A1ADFEDA3
:103170002C0A9FED2C0A2C48FFF79DFC05F00AF85D
:1031800000BFFDE70038024083DE1B43000C004017
:1031900040AF00082C06002070AF00083006002069
:1031A0009CAF000834060020CCAF00083806002091
:1031B000F0AF00083C06002014B0000840060020D4
:1031C00040B000084406002000040240140500201E
:1031D0004806002000080240BC03002080060020B2
:1031E00090080020980600206F12833CE006002023
:1031F0000BD7233C0000004228070020CDCCCC3D5B
:10320000700700205CB0000864B00008D007002000
:103210001F858B401F858BC0A4709D3F1008002028
:103220000AD7A33D713D8A3F3808002080B586B09B
:1032300000AF78602E48FDF76BFF2D4BD3ED047A7D
:103240009FED2C7A67EE877A9FED2B7A77EE877A5F
:10325000274BC3ED047A264BD3ED057A9FED277AF1
:1032600067EE877A9FED267A77EE877A204BC3ED5B
:10327000057A1F4BD3ED067A9FED227A67EE877AA7
:103280009FED217A77EEC77A194BC3ED067A0023BA
:103290007B611EE07A6913465B001344DB001B4A26
:1032A0001A4413497B6904339B000B44D3ED007A25
:1032B000B0EE670A1046FFF7A5FAF0EE407A7B6998
:1032C0009B0018333B44103BC3ED007A7B6901330C
:1032D0007B617B69022BDDDD07F108039FED0C0AA2
:1032E00019460C48FEF7E6FB102004F0A6FFA1E704
:1032F0004806002096B27C3F97902F3F0E4F7F3FAD
:103300008716593D5BB17F3F355E9A3E9806002097
:103310006F12833CD00700202DE9B04F2DED028BBA
:1033200088B000AF78607E48FDF764FF7D4B1B6876
:1033300001337C4A13600023FB6129E07A4AFB6970
:103340009B00134493ED007A764B1B68013B07EE1C
:10335000903AF8EE677A27EE277A714AFB690633CE
:103360009B0013440433D3ED007A77EE276A6D4B4C
:103370001B6807EE903AB8EE677AC6EE877A6A4A1B
:10338000FB699B001344C3ED007AFB690133FB61C9
:10339000FB69022BD2DD0023BB611FE0BA69134633
:1033A0005B001344DB00614A1A445D49BB69063384
:1033B0009B000B440433D3ED007AB0EE670A10464D
:1033C000FFF720FAF0EE407ABB699B0020333B44C4
:1033D000143BC3ED007ABB690133BB61BB69022BAF
:1033E000DCDD07F10C039FED520A19465148FEF748
:1033F00073F9514BD3ED007A9FED507A67EE877ADF
:1034000017EE900AFDF748F804460D464C4B1B6832
:103410001846FDF741F880468946464B1B6818461A
:10342000FDF73AF802460B4643EC102B06F070F914
:103430005BEC10AB3B691846FDF72EF802460B46D5
:1034400050465946FDF780F802460B4692469B4689
:10345000384B1B681846FDF71FF802460B4643EC35
:10346000102B06F001F9B0EE408AF0EE608A7B691D
:103470001846FDF711F802460B4651EC180BFDF704
:1034800063F802460B4650465946FCF7A7FE024633
:103490000B46104619461EA3D3E90023FDF754F846
:1034A00002460B4692469B46224B5B681846FCF749
:1034B000F3FF02460B4643EC102B06F0D5F853EC15
:1034C000102B50465946FDF769F902460B46404617
:1034D0004946FCF783FE02460B46104619460EA3EA
:1034E000D3E90023FDF730F802460B462046294673
:1034F000FCF774FE02460B4610461946FDF7FCFA2F
:1035000003460F4A13600A2004F097FE0BE700BF42
:1035100000000060E17A843F0000008014AEEF3FBD
:10352000480600209408002098080020E0060020AB
:103530000BD7233CD00700200C0800200AD7233CDF
:1035400008080020B0B58EB000AF78608C48FDF759
:10355000A3FE8B4B93ED0A7A894BD3ED0A7A27EEC3
:10356000277A874BD3ED0B6A854BD3ED0B7A66EE4A
:10357000A77A37EE277A824BD3ED0C6A804BD3EDD6
:103580000C7A66EEA77A77EE277A17EE900AFCF7A8
:1035900083FF02460B4643EC102B06F037F853EC42
:1035A000102B4FF000007749FDF7F8F802460B4664
:1035B00010461946FDF7A0FA03463B63704B93EDA6
:1035C0000A7AD7ED0C7A67EE277A6D4BC3ED0A7A4B
:1035D0006B4B93ED0B7AD7ED0C7A67EE277A684B3D
:1035E000C3ED0B7A664B93ED0C7AD7ED0C7A67EE50
:1035F000277A634BC3ED0C7A00237B631EE07A6B62
:1036000013465B001344DB005F4A1A445C497B6B42
:103610000A339B000B44D3ED007AB0EE670A1046E4
:10362000FFF7F0F8F0EE407A7B6B9B0038333B44B9
:103630002C3BC3ED007A7B6B01337B637B6B022BEE
:10364000DDDD524B1B681846FCF726FF02460B4691
:1036500043EC102B06F05CF853EC102B1046194687
:10366000FDF74AFA0346FB62484B1B681846FCF715
:1036700013FF02460B4643EC102B05F0F5FF53EC0D
:10368000102B10461946FDF737FA0346BB623F4B35
:103690005B681846FCF700FF02460B4643EC102B14
:1036A00006F036F853EC102B10461946FDF724FAB5
:1036B00003467B62354B5B681846FCF7EDFE02461D
:1036C0000B4643EC102B05F0CFFF53EC102B1046AC
:1036D0001946FDF711FA03463B6297ED037AD7EDE1
:1036E000087A27EE277AD7ED046AD7ED097A66EED5
:1036F000A76AD7ED0B7A66EEA77A37EE277AD7ED71
:10370000056AD7ED097A66EEA76AD7ED0A7A66EE02
:10371000A77A77EE277AC7ED077A97ED047AD7ED87
:103720000A7A27EE277AD7ED056AD7ED0B7A66EE8F
:10373000A77A77EE677AC7ED067AB869FCF7ACFE30
:1037400004460D46F869FCF7A7FE02460B4643EC1B
:10375000112B45EC104B05F057FF53EC102B104686
:103760001946FDF7C9F9034607EE903AF1EE677A7C
:10377000074BC3ED007A642004F05FFDE6E600BF6E
:10378000480600200000F03F28070020D007002056
:103790000C08002080B582B000AF78609C4BDB68DD
:1037A00007EE903AF8EE677AB0EE670A9948FFF7AD
:1037B00029F8F0EE407A9FED987A67EE877AB7EEB7
:1037C000007A77EEC77A954BC3ED007A904B5B6831
:1037D00007EE903AF8EE677AB0EE670A9048FFF786
:1037E00011F8F0EE407A9FED8F7A67EE877AB0EEAF
:1037F000087A77EEC77A8C4BC3ED007A844B9B68CE
:1038000007EE903AF8EE677AB0EE670A8748FEF75F
:10381000F9FFF0EE407A9FED867A67EE877AB0EE98
:10382000087A77EE877A834BC3ED007A784B1B6872
:1038300007EE903AF8EE677AB0EE670A7E48FEF738
:10384000E1FFF0EE407A9FED777A67EE877AB0EE8F
:10385000087A77EEC77A794BC3ED007A724BD3EDD5
:10386000007A9FED777AF4EEC77AF1EE10FA0DDB6D
:103870006D4BD3ED007A9FED737AF4EEC77AF1EEDB
:1038800010FA03D8684B4FF000021A60694BD3ED71
:10389000007A9FED6B7AF4EEC77AF1EE10FA0DDB49
:1038A000644BD3ED007A9FED677AF4EEC77AF1EEC0
:1038B00010FA03D85F4B4FF000021A605F4BD3ED54
:1038C000007A9FED5F7AF4EEC77AF1EE10FA0DDB25
:1038D000584BD3ED007A9FED5B7AF4EEC77AF1EEA8
:1038E00010FA03D8554B4FF000021A604B4BD3ED42
:1038F000007AF5EEC07AF1EE10FA04D5474B4FF09E
:1039000000021A600DE0454BD3ED007AB7EE007A65
:10391000F4EEC77AF1EE10FA03DD404B4FF07E5221
:103920001A60414BD3ED007ABFEE007AF4EEC77A0D
:10393000F1EE10FA03D53C4B434A1A600DE03A4BC6
:10394000D3ED007AB7EE007AF4EEC77AF1EE10FA12
:1039500003DD354B4FF07E521A60364BD3ED007AC3
:10396000BFEE007AF4EEC77AF1EE10FA03D5314BD0
:10397000354A1A600DE02F4BD3ED007AB7EE007A8E
:10398000F4EEC77AF1EE10FA03DD2A4B4FF07E52C7
:103990001A602A4BD3ED007ABFEE007AF4EEC77AB4
:1039A000F1EE10FA03D5254B274A1A600DE0234BA0
:1039B000D3ED007AB7EE007AF4EEC77AF1EE10FAA2
:1039C00003DD1E4B4FF07E521A60174BD3ED007A89
:1039D0009FED1E7A67EE877A134BC3ED007A154B85
:1039E000D3ED007A9FED197A67EE877A114BC3ED1C
:1039F000007A124BD3ED007A9FED157A67EE877A45
:103A00000E4BC3ED007A0A2004F017FCC6E600BF97
:103A100070080020700700206F12833A8008002091
:103A2000880700206F12033B84080020A0070020B5
:103A30006F1203BB88080020B80700208C08002004
:103A4000CDCC4CBDCDCC4C3D000080BFC2B8323E89
:103A5000F366DF3E80B584B000AF78600023FB6082
:103A60000DE0FB68D9B2094AFB685B001344DB88B0
:103A70001A460648FEF7B8FFFB680133FB60FB6897
:103A8000032BEEDD042004F0D8FBE7E780060020DE
:103A900080B588B000AF7860834BD3ED007A9FED9E
:103AA000837AF4EEC77AF1EE10FA03D5804B002248
:103AB0001A7002E07E4B01221A707B4BD3ED007A24
:103AC0009FED7C7A67EE877AFCEEE77A17EE903A04
:103AD0009BB2FB83B7F91E30B3F5167F03DD4FF4BD
:103AE0001673FB8305E0B7F91E30002B01DA0023C3
:103AF000FB83714BD3ED007A704B93ED007A9FED11
:103B0000701AF0EE470AB0EE670A6E48FFF705F844
:103B100087ED040A6C4BD3ED007A684B93ED017A84
:103B20009FED671AF0EE470AB0EE670A6748FEF7A6
:103B3000F4FF87ED030A664BD3ED007A97ED047A24
:103B400077EE677A9FED637A67EE877A9FED627A08
:103B500067EE877AFDEEE77A17EE903ABB835C4B0F
:103B6000D3ED067A97ED037A77EE677A9FED597A6F
:103B700067EE877A9FED587A67EE877AFDEEE77AEF
:103B800017EE903A7B83B7F91C30C82B02DDC823AF
:103B9000BB8307E0B7F91C3013F1C80F02DA4FF608
:103BA0003873BB83B7F91A30C82B02DDC8237B8377
:103BB00007E0B7F91A3013F1C80F02DA4FF638737D
:103BC0007B833B4B1B78012B59D1FA8BBB8B134466
:103BD0009AB27B8B13449BB203F214539AB23F4BBD
:103BE000DA80FA8BBB8BD31A9AB27B8B13449BB2CD
:103BF00003F214539AB2394B1A81FA8BBB8BD31A46
:103C00009AB27B8BD31A9BB203F214539AB2334B02
:103C10005A81FA8BBB8B13449AB27B8BD31A9BB21B
:103C200003F214539AB22D4B9A8100237B6122E058
:103C30002A4A7B695B001344DB88B3F5E16F07D93F
:103C4000264A7B695B0013444FF4E162DA800FE09F
:103C5000224A7B695B001344DB8840F21352934293
:103C600006D81E4A7B695B00134440F21452DA8086
:103C70007B6901337B617B69032BD9DD0FE0174B37
:103C80004FF4FA72DA80154B4FF4FA721A81134B23
:103C90004FF4FA725A81114B4FF4FA729A81042050
:103CA00004F0CBFAF8E600BF80080020CDCCCC3D74
:103CB000900800200000164484080020D00700204F
:103CC0006F12833B1008002088080020380800206D
:103CD000E0060020000000000000C842800600202E
:103CE00080B582B000AF78600821044801F0E9F89F
:103CF0004FF4FA7004F0A1FA00BFF5E700080240A3
:103D000080B594B000AF07F120033022002118469F
:103D100007F06AF807F10C0300221A605A609A60F3
:103D2000DA601A610023BB60284B1B6C274A43F002
:103D300080531364254B1B6C03F08053BB60BB683E
:103D400000237B60224B1B68214A43F480431360AD
:103D50001F4B1B6803F480437B607B6801233B623D
:103D60004FF480337B620223BB634FF48003FB6319
:103D700008233B64A8237B640223BB640423FB6405
:103D800007F12003184602F089F80346002B01D002
:103D900000F078FA0F23FB6002233B6100237B6174
:103DA0004FF4A053BB614FF48053FB6107F10C0348
:103DB0000521184602F0E0FA0346002B01D000F07E
:103DC00061FA00BF5037BD4680BD00BF00380240D9
:103DD0000070004080B500AF124B134A1A60114BBF
:103DE000124A5A600F4B00229A600E4B0022DA6092
:103DF0000C4B4FF480421A610A4B00225A61094B66
:103E000000229A61074B0022DA61064B00221A62F7
:103E1000044801F095F80346002B01D000F032FA77
:103E200000BF80BDBC03002000540040A0860100FC
:103E300080B500AF124B134A1A60114B124A5A60F8
:103E40000F4B00229A600E4B0022DA600C4B4FF4AD
:103E500080421A610A4B00225A61094B00229A6182
:103E6000074B0022DA61064B00221A62044801F077
:103E700067F80346002B01D000F004FA00BF80BDB4
:103E800010040020005C0040A086010080B500AF57
:103E9000174B184A1A60164B4FF482725A60144B33
:103EA00000229A60124B0022DA60114B00221A6144
:103EB0000F4B00225A610E4B4FF400729A610C4B6B
:103EC0000022DA610A4B00221A62094B00225A6270
:103ED000074B00229A62064B0A22DA62044802F07B
:103EE0009BFC0346002B01D000F0CCF900BF80BD45
:103EF000640400200030014080B500AF174B184A21
:103F00001A60164B4FF482725A60144B00229A606A
:103F1000124B0022DA60114B00221A610F4B002273
:103F20005A610E4B4FF400729A610C4B0022DA6119
:103F30000A4B00221A62094B00225A62074B0022E8
:103F40009A62064B0A22DA62044802F065FC0346D4
:103F5000002B01D000F096F900BF80BDBC0400200A
:103F60000038004080B500AF174B184A1A60164B56
:103F70004FF482725A60144B00229A60124B002256
:103F8000DA60114B00221A610F4B00225A610E4B6E
:103F90004FF400729A610C4B0022DA610A4B002246
:103FA0001A62094B00225A62074B00229A62064BA2
:103FB0000A22DA62044802F02FFC0346002B01D0EB
:103FC00000F060F900BF80BD14050020003C0040F7
:103FD00080B500AF114B124A1A60104B4FF4E1321A
:103FE0005A600E4B00229A600C4B0022DA600B4B99
:103FF00000221A61094B0C225A61084B00229A6177
:10400000064B0022DA61054803F08EFB0346002BC5
:1040100001D000F037F900BF80BD00BF6C05002063
:104020000010014080B500AF114B124A1A60104BCE
:104030004FF4E1325A600E4B00229A600C4B002282
:10404000DA600B4B00221A61094B0C225A61084BB3
:1040500000229A61064B0022DA61054803F064FBF6
:104060000346002B01D000F00DF900BF80BD00BF5A
:10407000AC0500200044004080B500AF114B124A4F
:104080001A60104B4FF4E1325A600E4B00229A60D6
:104090000C4B0022DA600B4B00221A61094B0C22F8
:1040A0005A61084B00229A61064B0022DA610548EA
:1040B00003F03AFB0346002B01D000F0E3F800BF09
:1040C00080BD00BFEC0500200048004080B58AB0EC
:1040D00000AF07F1140300221A605A609A60DA6098
:1040E0001A6100233B61594B1B6B584A43F0040390
:1040F0001363564B1B6B03F004033B613B690023C6
:10410000FB60524B1B6B514A43F0800313634F4BD0
:104110001B6B03F08003FB60FB680023BB604B4B11
:104120001B6B4A4A43F001031363484B1B6B03F0BC
:104130000103BB60BB6800237B60444B1B6B434A9D
:1041400043F002031363414B1B6B03F002037B60DC
:104150007B68002240F27F113D4800F099FE00226A
:1041600010213C4800F094FE002238213A4800F02B
:104170008FFE4EF280037B610023BB610023FB6155
:1041800007F114031946324800F0E6FC40F27F13B1
:104190007B610123BB610023FB6100233B6207F1CC
:1041A000140319462A4800F0D7FC03237B612B4BEC
:1041B000BB610023FB6107F114031946254800F099
:1041C000CBFC10237B610123BB610023FB61002337
:1041D0003B6207F1140319461E4800F0BDFC38236A
:1041E0007B610123BB610023FB6100233B6207F17C
:1041F00014031946184800F0AFFCC0237B61174B2D
:10420000BB610023FB6107F114031946124800F05B
:10421000A3FC00220521062000F074FC062000F01B
:104220008DFC00220521072000F06CFC072000F027
:1042300085FC00220521172000F064FC172000F007
:104240007DFC00BF2837BD4680BD00BF003802405E
:10425000000802400000024000040240000031104B
:1042600080B582B000AF78607B681B68044A9342D7
:1042700001D100F04BFB00BF0837BD4680BD00BF39
:104280000010004080B400AF00BFBD465DF8047B65
:104290007047000080B582B000AF00237B60124BF6
:1042A0005B6C114A43F4804353640F4B5B6C03F423
:1042B00080437B607B6800233B600B4B1B6C0A4A8E
:1042C00043F080531364084B1B6C03F080533B6036
:1042D0003B6800220F216FF0010000F013FC00BFCB
:1042E0000837BD4680BD00BF0038024080B58CB0A5
:1042F00000AF786007F11C0300221A605A609A60D0
:10430000DA601A617B681B68424A93422DD1002310
:10431000BB61414B1B6B404A43F0020313633E4BAE
:104320001B6B03F00203BB61BB694FF44073FB617D
:1043300012233B6201237B620323BB620423FB62E3
:1043400007F11C031946354800F006FC00237B6189
:10435000314B1B6C304A43F4001313642E4B1B6C1F
:1043600003F400137B617B6950E07B681B682C4A77
:1043700093424BD100233B61274B1B6B264A43F0F2
:1043800004031363244B1B6B03F004033B613B6981
:104390000023FB60204B1B6B1F4A43F00103136398
:1043A0001D4B1B6B03F00103FB60FB684FF40073B4
:1043B000FB6112233B6201237B620323BB62042364
:1043C000FB6207F11C031946164800F0C5FB4FF4C9
:1043D0008073FB6112233B6201237B620323BB6278
:1043E0000423FB6207F11C0319460F4800F0B4FBDD
:1043F0000023BB60084B1B6C074A43F400031364A3
:10440000054B1B6C03F40003BB60BB6800BF303777
:10441000BD4680BD00540040003802400004024008
:10442000005C0040000802400000024080B58EB0F1
:1044300000AF786007F1240300221A605A609A6086
:10444000DA601A617B681B684C4A93422CD10023C6
:104450003B624B4B5B6C4A4A43F480535364484B7A
:104460005B6C03F480533B623B6A0023FB61444B6B
:104470001B6B434A43F001031363414B1B6B03F077
:104480000103FB61FB69E0237B620223BB62002323
:10449000FB6203233B6305237B6307F12403194677
:1044A000384800F059FB64E07B681B68364A934249
:1044B0002DD10023BB61324B1B6C314A43F4804346
:1044C00013642F4B1B6C03F48043BB61BB69002357
:1044D0007B612B4B1B6B2A4A43F002031363284B6F
:1044E0001B6B03F002037B617B694FF460437B62CB
:1044F0000223BB620023FB6203233B6305237B6330
:1045000007F124031946214800F026FB31E07B68BF
:104510001B681F4A93422CD100233B61184B1B6C34
:10452000174A43F400431364154B1B6C03F4004318
:104530003B613B690023FB60114B1B6B104A43F04E
:10454000040313630E4B1B6B03F00403FB60FB6857
:104550004FF4E0537B620223BB620023FB62032320
:104560003B6306237B6307F124031946094800F0E7
:10457000F3FA00BF3837BD4680BD00BF00300140B0
:1045800000380240000002400038004000040240B1
:10459000003C00400008024080B485B000AF786065
:1045A0007B681B680B4A93420DD10023FB600A4BCA
:1045B0001B6C094A43F008031364074B1B6C03F0A0
:1045C0000803FB60FB6800BF1437BD465DF8047B41
:1045D000704700BF000C00400038024080B58EB02C
:1045E00000AF786007F1240300221A605A609A60D5
:1045F000DA601A617B681B684C4A93422DD1002314
:104600003B624B4B5B6C4A4A43F010035364484B8C
:104610005B6C03F010033B623B6A0023FB61444B7D
:104620001B6B434A43F001031363414B1B6B03F0C5
:104630000103FB61FB694FF4C0637B620223BB6231
:104640000123FB6203233B6307237B6307F12403FE
:104650001946384800F080FA63E07B681B68364AE8
:1046600093422CD10023BB61314B1B6C304A43F485
:10467000003313642E4B1B6C03F40033BB61BB6926
:1046800000237B612A4B1B6B294A43F00103136310
:10469000274B1B6B03F001037B617B690C237B625F
:1046A0000223BB620123FB6203233B6307237B637B
:1046B00007F1240319461F4800F04EFA31E07B68E9
:1046C0001B681E4A93422CD100233B61184B1B6C84
:1046D000174A43F480231364154B1B6C03F48023A7
:1046E0003B613B690023FB60114B1B6B104A43F09D
:1046F000020313630E4B1B6B03F00203FB60FB68AA
:104700004FF440637B620223BB620123FB620323FD
:104710003B6307237B6307F124031946084800F035
:104720001BFA00BF3837BD4680BD00BF00100140F6
:1047300000380240000002400044004000480040B1
:104740000004024080B58CB000AF78600023FB62AB
:104750000023BB6200227968362000F0D3F93620AE
:1047600000F0ECF90023FB601F4B1B6C1E4A43F06A
:10477000100313641C4B1B6C03F01003FB60FB68FD
:1047800007F1100207F114031146184602F012F85F
:1047900001F0E8FF03465B00FB62FB6A134AA2FBE1
:1047A00003239B0C013BBB62114B124A1A60104B56
:1047B00040F2E732DA600E4ABB6A53600C4B0022CB
:1047C0001A610B4B00229A60094802F079FD0346FA
:1047D000002B04D1064802F09EFD034600E00123B1
:1047E00018463037BD4680BD0038024083DE1B438B
:1047F000A40800200010004080B400AF00BFBD46F8
:104800005DF8047B704780B400AF00BFFDE780B463
:1048100000AF00BFFDE780B400AF00BFFDE780B48C
:1048200000AF00BFFDE780B400AF00BFBD465DF83C
:10483000047B704780B500AF024802F090FD00BFD6
:1048400080BD00BFA408002080B400AF084BD3F89F
:104850008830074A43F47003C2F88830044B4FF0A5
:1048600000629A6000BFBD465DF8047B704700BFE0
:1048700000ED00E0DFF834D0002103E00C4B5B5882
:10488000435004310B480C4B42189A42F6D30B4A62
:1048900002E0002342F8043B094B9A42F9D3FFF7A8
:1048A000D3FF06F0AFFAFEF7D5FA704700000220FA
:1048B000ECB20008000000204C0100204C01002058
:1048C00004490020FEE7000080B500AF0E4B1B68D6
:1048D0000D4A43F4007313600B4B1B680A4A43F400
:1048E00080631360084B1B68074A43F480731360AE
:1048F000032000F0FCF80020FFF724FFFFF7CAFCBC
:104900000023184680BD00BF003C024080B400AFC9
:10491000064B1B781A46064B1B681344044A136067
:1049200000BFBD465DF8047B704700BF0800002053
:10493000E408002080B400AF034B1B681846BD4656
:104940005DF8047B704700BFE408002080B584B0A8
:1049500000AF7860FFF7EEFFB8607B68FB60FB6834
:10496000B3F1FF3F05D00A4B1B781A46FB6813448E
:10497000FB6000BFFFF7DEFF0246BB68D31AFA6890
:104980009A42F7D800BF00BF1037BD4680BD00BFB8
:104990000800002080B485B000AF78607B6803F029
:1049A0000703FB600C4BDB68BB60BA684FF6FF0384
:1049B0001340BB60FB681A02BB68134343F0BF633C
:1049C00043F40033BB60044ABB68D36000BF1437B4
:1049D000BD465DF8047B704700ED00E080B400AF99
:1049E000044BDB681B0A03F007031846BD465DF85D
:1049F000047B704700ED00E080B483B000AF034655
:104A0000FB7197F90730002B0BDBFB7903F01F02DA
:104A1000074997F907305B09012000FA02F241F8D3
:104A2000232000BF0C37BD465DF8047B704700BFF4
:104A300000E100E080B483B000AF03463960FB7151
:104A400097F90730002B0ADB3B68DAB20C4997F97B
:104A500007301201D2B20B4483F800230AE03B680E
:104A6000DAB20849FB7903F00F03043B1201D2B21A
:104A70000B441A7600BF0C37BD465DF8047B7047C7
:104A800000E100E000ED00E080B489B000AFF86024
:104A9000B9607A60FB6803F00703FB61FB69C3F14F
:104AA0000703042B28BF0423BB61FB690433062BD7
:104AB00002D9FB69033B00E000237B614FF0FF322A
:104AC000BB6902FA03F3DA43BB681A407B699A4078
:104AD0004FF0FF317B6901FA03F3D9437B680B4048
:104AE000134318462437BD465DF8047B704780B5F4
:104AF00082B000AF78607868FFF74CFF00BF0837DE
:104B0000BD4680BD80B586B000AF0346B9607A600F
:104B1000FB7300237B61FFF761FF78617A68B968F6
:104B20007869FFF7B1FF024697F90F301146184632
:104B3000FFF780FF00BF1837BD4680BD80B582B04B
:104B400000AF0346FB7197F907301846FFF754FF93
:104B500000BF0837BD4680BD80B489B000AF786023
:104B6000396000237B6100233B610023BB6100238C
:104B7000FB616BE10122FB6902FA03F37B613B6895
:104B80001B687A6913403B613A697B699A4240F03D
:104B90005A813B685B68012B0BD03B685B68022B3A
:104BA00007D03B685B68112B03D03B685B68122B16
:104BB00030D17B689B68BB61FB695B00032202FA12
:104BC00003F3DB43BA691340BB613B68DA68FB69F6
:104BD0005B0002FA03F3BA691343BB617B68BA69ED
:104BE0009A607B685B68BB610122FB6902FA03F390
:104BF000DB43BA691340BB613B685B681B0903F088
:104C00000102FB6902FA03F3BA691343BB617B68D3
:104C1000BA695A607B68DB68BB61FB695B00032291
:104C200002FA03F3DB43BA691340BB613B689A683D
:104C3000FB695B0002FA03F3BA691343BB617B684B
:104C4000BA69DA603B685B68022B03D03B685B683B
:104C5000122B23D1FB69DA087B68083253F8223023
:104C6000BB61FB6903F007039B000F2202FA03F309
:104C7000DB43BA691340BB613B681A69FB6903F007
:104C800007039B0002FA03F3BA691343BB61FB6994
:104C9000DA087B680832B96943F822107B681B6820
:104CA000BB61FB695B00032202FA03F3DB43BA69D1
:104CB0001340BB613B685B6803F00302FB695B0068
:104CC00002FA03F3BA691343BB617B68BA691A60DD
:104CD0003B685B6803F08053002B00F0B480002336
:104CE000FB60604B5B6C5F4A43F4804353645D4BF5
:104CF0005B6C03F48043FB60FB685B4AFB699B08C9
:104D0000023352F82330BB61FB6903F003039B00BD
:104D10000F2202FA03F3DB43BA691340BB617B68DD
:104D2000524A93422BD07B68514A934225D07B68EC
:104D3000504A93421FD07B684F4A934219D07B68F8
:104D40004E4A934213D07B684D4A93420DD07B6804
:104D50004C4A934207D07B684B4A934201D10723C8
:104D60000EE008230CE006230AE0052308E00423F4
:104D700006E0032304E0022302E0012300E0002315
:104D8000FA6902F0030292009340BA691343BB61CF
:104D90003549FB699B080233BA6941F823203B4B34
:104DA0001B68BB613B69DB43BA691340BB613B686D
:104DB0005B6803F48033002B03D0BA693B6913436B
:104DC000BB61324ABB691360304B5B68BB613B69B6
:104DD000DB43BA691340BB613B685B6803F4003393
:104DE000002B03D0BA693B691343BB61274ABB69F7
:104DF0005360264B9B68BB613B69DB43BA69134038
:104E0000BB613B685B6803F48013002B03D0BA6975
:104E10003B691343BB611D4ABB6993601B4BDB6855
:104E2000BB613B69DB43BA691340BB613B685B68AC
:104E300003F40013002B03D0BA693B691343BB6131
:104E4000124ABB69D360FB690133FB61FB690F2B1D
:104E50007FF690AE00BF00BF2437BD465DF8047BEF
:104E6000704700BF00380240003801400000024097
:104E70000004024000080240000C02400010024002
:104E80000014024000180240001C0240003C014097
:104E900080B483B000AF78600B467B8013467B7094
:104EA0007B78002B03D07A887B689A6103E07B884B
:104EB0001A047B689A6100BF0C37BD465DF8047B1D
:104EC000704780B483B000AF78600B467B807B680E
:104ED0005A697B881A407B889A4204D17B881A04DD
:104EE0007B689A6102E07A887B689A6100BF0C3720
:104EF000BD465DF8047B704780B582B000AF0346C5
:104F0000FB80084B5A69FB881340002B06D0054AEA
:104F1000FB885361FB88184600F006F800BF08378D
:104F2000BD4680BD003C014080B483B000AF034665
:104F3000FB8000BF0C37BD465DF8047B7047000066
:104F400080B584B000AF78607B68002B01D101236D
:104F50002BE17B6893F83D30DBB2002B06D17B68F8
:104F6000002283F83C207868FFF7C0F97B68242290
:104F700083F83D207B681B681A687B681B6822F0F9
:104F800001021A607B681B681A687B681B6842F420
:104F900000421A607B681B681A687B681B6822F4F1
:104FA00000421A6001F0DEFBF8607B685B68814AB2
:104FB000934207D8FB68804A934294BF01230023A1
:104FC000DBB206E0FB687D4A934294BF01230023D5
:104FD000DBB2002B01D00123E7E0FB68784AA2FB9B
:104FE00003239B0CBB607B681B685B6823F03F015D
:104FF0007B681B68BA680A435A607B681B681B6A37
:1050000023F03F017B685B686A4A934202D8BB6821
:10501000013309E0BB684FF4967202FB03F3694A5F
:10502000A2FB03239B0901337A6812680B431362C6
:105030007B681B68DB6923F44F4222F0FF027B6828
:105040005B685C498B4219D8FB68591E7B685B68BA
:105050005B00B1FBF3F3591C40F6FC730B40002BD3
:105060000AD0FB68591E7B685B685B00B1FBF3F3F9
:105070000133C3F30B0351E004234FE07B689B68CB
:10508000002B11D1FB68581E7B6859680B465B00EA
:105090000B44B0FBF3F30133C3F30B03002B0CBF42
:1050A00001230023DBB212E0FB68581E7B685968BD
:1050B0000B469B000B4499000B44B0FBF3F3013308
:1050C000C3F30B03002B0CBF01230023DBB2002B27
:1050D00001D0012322E07B689B68002B0ED1FB6886
:1050E000581E7B6859680B465B000B44B0FBF3F31A
:1050F0000133C3F30B0343F400430FE0FB68581E76
:105100007B6859680B469B000B4499000B44B0FB2D
:10511000F3F30133C3F30B0343F4404379680968A5
:105120001343CB617B681B681B6823F0C0017B685D
:10513000DA697B681B6A1A437B681B680A431A603A
:105140007B681B689B6823F4034323F0FF037A68A2
:1051500011697A68D26811437A6812680B439360C8
:105160007B681B68DB6823F0FF017B685A697B68FA
:105170009B691A437B681B680A43DA607B681B687B
:105180001A687B681B6842F001021A607B68002283
:105190001A647B68202283F83D207B6800221A6312
:1051A0007B68002283F83E20002318461037BD4656
:1051B00080BD00BFA08601007F841E00FF083D0067
:1051C00083DE1B43D34D621080B588B002AFF86018
:1051D0007A601A460B467B8113463B81FFF7AAFB98
:1051E0007861FB6893F83D30DBB2202B40F0E08023
:1051F0007B690093192301227049F86800F070FC64
:105200000346002B01D00223D3E0FB6893F83C3027
:10521000012B01D10223CCE0FB68012283F83C2062
:10522000FB681B681B6803F00103012B07D0FB68B8
:105230001B681A68FB681B6842F001021A60FB6871
:105240001B681A68FB681B6822F400621A60FB681E
:10525000212283F83D20FB68102283F83E20FB6862
:1052600000221A64FB687A685A62FB683A895A8598
:10527000FB685B8D9AB2FB681A85FB68504ADA625C
:1052800079897B693A6AF86800F0C2FA0346002B14
:1052900001D001238DE000233B61FB681B685B6943
:1052A0003B61FB681B689B693B613B6966E07A690F
:1052B000396AF86800F0EAFC0346002B0DD0FB6861
:1052C0001B6C042B07D1FB681B681A68FB681B6802
:1052D00042F400721A6001236BE0FB685B6A1A7883
:1052E000FB681B681A61FB685B6A5A1CFB685A62A0
:1052F000FB685B8D9BB2013B9AB2FB685A85FB68E9
:105300001B8D013B9AB2FB681A85FB681B685B69C1
:1053100003F00403042B1BD1FB681B8D002B17D05B
:10532000FB685B6A1A78FB681B681A61FB685B6A3A
:105330005A1CFB685A62FB685B8D9BB2013B9AB2B8
:10534000FB685A85FB681B8D013B9AB2FB681A8586
:105350007A69396AF86800F0DAFC0346002B0DD050
:10536000FB681B6C042B07D1FB681B681A68FB6881
:105370001B6842F400721A6001231AE0FB681B8D5F
:10538000002B94D1FB681B681A68FB681B6842F409
:1053900000721A60FB68202283F83D20FB6800221F
:1053A00083F83E20FB68002283F83C20002300E0C5
:1053B000022318461837BD4680BD00BF020010000A
:1053C0000000FFFF80B58CB002AFF86008461146C0
:1053D0001A4603467B810B463B811346FB80FFF751
:1053E000A9FA7862FB6893F83D30DBB2202B40F0DD
:1053F00008827B6A0093192301227B49F86800F038
:105400006FFB0346002B01D00223FBE1FB6893F8FE
:105410003C30012B01D10223F4E1FB68012283F827
:105420003C20FB681B681B6803F00103012B07D0BD
:10543000FB681B681A68FB681B6842F001021A606F
:10544000FB681B681A68FB681B6822F400621A601C
:10545000FB68222283F83D20FB68402283F83E202F
:10546000FB6800221A64FB683A6B5A62FB68BA8ECA
:105470005A85FB685B8D9AB2FB681A85FB685B4AAC
:10548000DA62F8883A8979897B6A0193BB6B009369
:105490000346F86800F03EFA0346002B01D00123D2
:1054A000B0E1FB681B8D002B13D100233B62FB682E
:1054B0001B685B693B62FB681B689B693B623B6ADC
:1054C000FB681B681A68FB681B6842F400721A606C
:1054D00084E1FB681B8D012B1BD1FB681B681A68DC
:1054E000FB681B6822F480621A600023FB61FB6882
:1054F0001B685B69FB61FB681B689B69FB61FB695F
:10550000FB681B681A68FB681B6842F400721A602B
:1055100064E1FB681B8D022B1BD1FB681B681A68BA
:10552000FB681B6822F480621A60FB681B681A68BB
:10553000FB681B6842F400621A600023BB61FB68D1
:105540001B685B69BB61FB681B689B69BB61BB69CE
:1055500044E100237B61FB681B685B697B61FB683E
:105560001B689B697B617B6938E1FB681B8D032BA2
:1055700000F2F180FB681B8D012B23D17A6AB96B95
:10558000F86800F005FC0346002B01D0012339E147
:10559000FB681B681A69FB685B6AD2B21A70FB6809
:1055A0005B6A5A1CFB685A62FB681B8D013B9AB20E
:1055B000FB681A85FB685B8D9BB2013B9AB2FB6866
:1055C0005A850BE1FB681B8D022B4ED17B6A009341
:1055D000BB6B00220649F86800F082FA0346002BF4
:1055E00008D001230EE100BF020010000000FFFF01
:1055F00004000100FB681B681A68FB681B6842F422
:1056000000721A60FB681B681A69FB685B6AD2B299
:105610001A70FB685B6A5A1CFB685A62FB681B8D38
:10562000013B9AB2FB681A85FB685B8D9BB2013B1C
:105630009AB2FB685A85FB681B681A69FB685B6A4B
:10564000D2B21A70FB685B6A5A1CFB685A62FB682C
:105650001B8D013B9AB2FB681A85FB685B8D9BB280
:10566000013B9AB2FB685A85B8E07B6A0093BB6B3A
:1056700000226649F86800F033FA0346002B01D097
:105680000123BFE0FB681B681A68FB681B6822F4F3
:1056900080621A60FB681B681A69FB685B6AD2B299
:1056A0001A70FB685B6A5A1CFB685A62FB681B8DA8
:1056B000013B9AB2FB681A85FB685B8D9BB2013B8C
:1056C0009AB2FB685A857B6A0093BB6B00224F49F4
:1056D000F86800F005FA0346002B01D0012391E0A1
:1056E000FB681B681A68FB681B6842F400721A604A
:1056F000FB681B681A69FB685B6AD2B21A70FB68A8
:105700005B6A5A1CFB685A62FB681B8D013B9AB2AC
:10571000FB681A85FB685B8D9BB2013B9AB2FB6804
:105720005A85FB681B681A69FB685B6AD2B21A70FB
:10573000FB685B6A5A1CFB685A62FB681B8D013B65
:105740009AB2FB681A85FB685B8D9BB2013B9AB2EB
:10575000FB685A8542E07A6AB96BF86800F018FB7A
:105760000346002B01D001234CE0FB681B681A693B
:10577000FB685B6AD2B21A70FB685B6A5A1CFB68F2
:105780005A62FB681B8D013B9AB2FB681A85FB6865
:105790005B8D9BB2013B9AB2FB685A85FB681B6824
:1057A0005B6903F00403042B18D1FB681B681A69BA
:1057B000FB685B6AD2B21A70FB685B6A5A1CFB68B2
:1057C0005A62FB681B8D013B9AB2FB681A85FB6825
:1057D0005B8D9BB2013B9AB2FB685A85FB681B8DBF
:1057E000002B7FF4C2AEFB68202283F83D20FB68CB
:1057F000002283F83E20FB68002283F83C2000232F
:1058000000E0022318462837BD4680BD0400010091
:1058100080B588B002AFF8607A603B600B467B8150
:10582000FB68DB6A7B617B69082B06D07B69012BF7
:1058300003D07B6913F5803F08D1FB681B681A68A9
:10584000FB681B6842F480721A600BE0FB681B6BFC
:10585000122B07D1FB681B681A68FB681B6842F4AF
:1058600080721A603B6800937B6800224FF0011140
:10587000F86800F035F90346002B0CD0FB681B6874
:105880001B6803F48073002B03D0FB684FF4007295
:105890001A64032335E0FB681B69B3F5804F08D118
:1058A0007B89DBB21A46FB681B6802F0FE021A61B4
:1058B0001BE07B89DB11DBB203F00603DBB263F094
:1058C0000F03DAB2FB681B681A613B687A680F49FC
:1058D000F86800F05CF90346002B01D0012310E0CA
:1058E0007B89DAB2FB681B681A613B687A680849F1
:1058F000F86800F04CF90346002B01D0012300E0CA
:10590000002318461837BD4680BD00BF08000100BF
:105910000200010080B588B002AFF8600846114669
:105920001A4603467B810B463B811346FB80FB688E
:105930001B681A68FB681B6842F480621A60FB6887
:105940001B681A68FB681B6842F480721A607B6AE5
:1059500000933B6A00224FF00111F86800F0C0F894
:105960000346002B0CD0FB681B681B6803F4807394
:10597000002B03D0FB684FF400721A640323A9E0E4
:105980007B89DBB21A46FB681B6802F0FE021A61D3
:105990007B6A3A6A5149F86800F0F9F80346002B2F
:1059A00001D0012396E000237B61FB681B685B69E3
:1059B0007B61FB681B689B697B617B697A6A396ADA
:1059C000F86800F063F90346002B0DD0FB681B6CF0
:1059D000042B07D1FB681B681A68FB681B6842F43C
:1059E00000721A60012375E0FB88012B05D13B8909
:1059F000DAB2FB681B681A6121E03B891B0A9BB283
:105A0000DAB2FB681B681A617A6A396AF86800F0D2
:105A10003DF90346002B0DD0FB681B6C042B07D10E
:105A2000FB681B681A68FB681B6842F400721A6006
:105A300001234FE03B89DAB2FB681B681A617A6A7E
:105A4000396AF86800F022F90346002B0DD0FB6894
:105A50001B6C042B07D1FB681B681A68FB681B686A
:105A600042F400721A60012334E0FB681B681A6874
:105A7000FB681B6842F480721A607B6A00933B6A81
:105A800000224FF00111F86800F02AF80346002BBD
:105A90000CD0FB681B681B6803F48073002B03D0D9
:105AA000FB684FF400721A64032313E07B89DBB2B6
:105AB00043F00103DAB2FB681B681A617B6A3A6A39
:105AC0000649F86800F063F80346002B01D0012373
:105AD00000E0002318461837BD4680BD02000100D3
:105AE00080B584B000AFF860B9603B601346FB71CD
:105AF00025E03B68B3F1FF3F21D0FEF71BFF0246D4
:105B0000BB69D31A3A689A4202D33B68002B16D17C
:105B1000FB6800221A63FB68202283F83D20FB68A3
:105B2000002283F83E20FB681B6C43F02002FB68D8
:105B30001A64FB68002283F83C20012323E0BB6841
:105B40001B0CDBB2012B0DD1FB681B685B69DA43D0
:105B5000BB6813409BB2002B0CBF01230023DBB2B8
:105B60001A460CE0FB681B689B69DA43BB6813406C
:105B70009BB2002B0CBF01230023DBB21A46FB793A
:105B80009A42B6D0002318461037BD4680BD80B576
:105B900084B000AFF860B9607A603B6051E0FB68A8
:105BA0001B685B6903F48063B3F5806F23D1FB68E6
:105BB0001B681A68FB681B6842F400721A60FB6875
:105BC0001B686FF480625A61FB6800221A63FB68ED
:105BD000202283F83D20FB68002283F83E20FB68EA
:105BE0001B6C43F00402FB681A64FB68002283F814
:105BF0003C20012346E07B68B3F1FF3F21D0FEF754
:105C000099FE02463B68D31A7A689A4202D37B68AF
:105C1000002B16D1FB6800221A63FB68202283F850
:105C20003D20FB68002283F83E20FB681B6C43F09C
:105C30002002FB681A64FB68002283F83C200123E1
:105C400020E0BB681B0CDBB2012B0CD1FB681B688E
:105C50005B69DA43BB6813409BB2002B14BF01237E
:105C60000023DBB20BE0FB681B689B69DA43BB686F
:105C700013409BB2002B14BF01230023DBB2002B87
:105C80008DD1002318461037BD4680BD80B584B045
:105C900000AFF860B9607A602DE0F86800F0CEF8E7
:105CA0000346002B01D001232DE0BB68B3F1FF3F79
:105CB00021D0FEF73FFE02467B68D31ABA689A42AB
:105CC00002D3BB68002B16D1FB6800221A63FB6865
:105CD000202283F83D20FB68002283F83E20FB68E9
:105CE0001B6C43F02002FB681A64FB68002283F8F7
:105CF0003C20012307E0FB681B685B6903F080031D
:105D0000802BCAD1002318461037BD4680BD80B510
:105D100084B000AFF860B9607A602DE0F86800F0F8
:105D20008DF80346002B01D001232DE0BB68B3F1B1
:105D3000FF3F21D0FEF7FEFD02467B68D31ABA680A
:105D40009A4202D3BB68002B16D1FB6800221A636B
:105D5000FB68202283F83D20FB68002283F83E2068
:105D6000FB681B6C43F02002FB681A64FB6800228E
:105D700083F83C20012307E0FB681B685B6903F0A4
:105D80000403042BCAD1002318461037BD4680BD3A
:105D900080B584B000AFF860B9607A6042E0FB681B
:105DA0001B685B6903F01003102B19D1FB681B689B
:105DB0006FF010025A61FB6800221A63FB68202210
:105DC00083F83D20FB68002283F83E20FB681A6CB4
:105DD000FB681A64FB68002283F83C20012329E059
:105DE000FEF7A8FD02467B68D31ABA689A4202D32E
:105DF000BB68002B16D1FB6800221A63FB682022C7
:105E000083F83D20FB68002283F83E20FB681B6C72
:105E100043F02002FB681A64FB68002283F83C20F0
:105E2000012307E0FB681B685B6903F04003402B1C
:105E3000B5D1002318461037BD4680BD80B483B06D
:105E400000AF78607B681B685B6903F48063B3F51F
:105E5000806F1BD17B681B686FF480625A617B681E
:105E600000221A637B68202283F83D207B68002291
:105E700083F83E207B681B6C43F004027B681A6445
:105E80007B68002283F83C20012300E000231846B1
:105E90000C37BD465DF8047B7047000080B586B0C6
:105EA00000AF78607B68002B01D101235EE27B6844
:105EB0001B6803F00103002B75D0884B9B6803F02F
:105EC0000C03042B0CD0854B9B6803F00C03082BB0
:105ED00012D1824B5B6803F48003B3F5800F0BD1C2
:105EE0007E4B1B6803F40033002B5BD07B685B6840
:105EF000002B57D1012339E27B685B68B3F5803F03
:105F000006D1764B1B68754A43F4803313601DE05D
:105F10007B685B68B3F5A02F0CD1704B1B686F4A90
:105F200043F4802313606D4B1B686C4A43F4803349
:105F300013600BE0694B1B68684A23F480331360DD
:105F4000664B1B68654A23F4802313607B685B689B
:105F5000002B13D0FEF7EEFC386108E0FEF7EAFCF8
:105F600002463B69D31A642B01D90323FEE15B4B44
:105F70001B6803F40033002BF0D014E0FEF7DAFCCA
:105F8000386108E0FEF7D6FC02463B69D31A642B61
:105F900001D90323EAE1514B1B6803F40033002BC2
:105FA000F0D100E000BF7B681B6803F00203002B08
:105FB00063D04A4B9B6803F00C03002B0BD0474B7C
:105FC0009B6803F00C03082B1CD1444B5B6803F463
:105FD0008003002B16D1414B1B6803F00203002BFA
:105FE00005D07B68DB68012B01D00123BEE13B4B70
:105FF0001B6823F0F8027B681B69DB0037491343F9
:106000000B603AE07B68DB68002B20D0344B012228
:106010001A60FEF78FFC386108E0FEF78BFC024641
:106020003B69D31A022B01D903239FE12B4B1B6839
:1060300003F00203002BF0D0284B1B6823F0F8027A
:106040007B681B69DB00254913430B6015E0244B7B
:1060500000221A60FEF76EFC386108E0FEF76AFC69
:1060600002463B69D31A022B01D903237EE11B4B65
:106070001B6803F00203002BF0D17B681B6803F060
:106080000803002B36D07B685B69002B16D0154BBC
:1060900001221A60FEF74EFC386108E0FEF74AFC68
:1060A00002463B69D31A022B01D903235EE10B4B55
:1060B0005B6F03F00203002BF0D01BE0094B0022C2
:1060C0001A60FEF737FC38610EE0FEF733FC02463B
:1060D0003B69D31A022B07D9032347E1003802405A
:1060E00000004742800E4742884B5B6F03F002037B
:1060F000002BEAD17B681B6803F00403002B00F03F
:1061000097800023FB75814B1B6C03F08053002BA1
:106110000FD10023BB607D4B1B6C7C4A43F0805346
:1061200013647A4B1B6C03F08053BB60BB68012384
:10613000FB75774B1B6803F48073002B18D1744BED
:106140001B68734A43F480731360FEF7F3FB3861F6
:1061500008E0FEF7EFFB02463B69D31A022B01D998
:10616000032303E16A4B1B6803F48073002BF0D018
:106170007B689B68012B06D1644B1B6F634A43F01D
:10618000010313671CE07B689B68052B0CD15F4BF8
:106190001B6F5E4A43F0040313675C4B1B6F5B4A43
:1061A00043F0010313670BE0584B1B6F574A23F072
:1061B00001031367554B1B6F544A23F00403136705
:1061C0007B689B68002B15D0FEF7B4FB38610AE0B2
:1061D000FEF7B0FB02463B69D31A41F28832934284
:1061E00001D90323C2E0494B1B6F03F00203002BCC
:1061F000EED014E0FEF79EFB38610AE0FEF79AFB52
:1062000002463B69D31A41F28832934201D90323F3
:10621000ACE03E4B1B6F03F00203002BEED1FB7D85
:10622000012B05D1394B1B6C384A23F08053136482
:106230007B689B69002B00F09880344B9B6803F0CF
:106240000C03082B5CD07B689B69022B41D1314B3E
:1062500000221A60FEF76EFB386108E0FEF76AFB69
:1062600002463B69D31A022B01D903237EE0274B58
:106270001B6803F00073002BF0D17B68DA697B6840
:106280001B6A1A437B685B6A9B011A437B689B6AA3
:106290005B08013B1B041A437B68DB6A1B061B4936
:1062A00013434B601B4B01221A60FEF743FB38611E
:1062B00008E0FEF73FFB02463B69D31A022B01D9E7
:1062C000032353E0114B1B6803F00073002BF0D045
:1062D0004BE0104B00221A60FEF72CFB386108E0FF
:1062E000FEF728FB02463B69D31A022B01D9032390
:1062F0003CE0064B1B6803F00073002BF0D134E048
:106300007B689B69012B07D101232FE000380240F5
:106310000070004060004742164B9B68FB60FB68C2
:1063200003F480027B68DB699A421CD1FB6803F0AE
:106330003F027B681B6A9A4215D1FA6847F6C07320
:1063400013407A68526A93420DD1FB6803F44032DD
:106350007B689B6A9A4206D1FB6803F070627B6897
:10636000DB6A9A4201D0012300E000231846183767
:10637000BD4680BD0038024080B584B000AF786073
:1063800039607B68002B01D10123CCE0684B1B688E
:1063900003F00F033A689A420CD9654B3A68D2B2BF
:1063A0001A70634B1B6803F00F033A689A4201D0DE
:1063B0000123B8E07B681B6803F00203002B20D0A8
:1063C0007B681B6803F00403002B05D0594B9B68C6
:1063D000584A43F4E05393607B681B6803F008035A
:1063E000002B05D0534B9B68524A43F460439360A3
:1063F000504B9B6823F0F0027B689B684D49134328
:106400008B607B681B6803F00103002B44D07B6822
:106410005B68012B07D1474B1B6803F40033002B4B
:1064200019D101237FE07B685B68022B03D07B6876
:106430005B68032B07D13F4B1B6803F00073002BF5
:1064400009D101236FE03B4B1B6803F00203002BD3
:1064500001D1012367E0374B9B6823F003027B687F
:106460005B68344913438B60FEF764FAF8600AE016
:10647000FEF760FA0246FB68D31A41F28832934273
:1064800001D903234FE02B4B9B6803F00C027B6880
:106490005B689B009A42EBD1254B1B6803F00F030E
:1064A0003A689A420CD2224B3A68D2B21A70204B08
:1064B0001B6803F00F033A689A4201D0012332E0CF
:1064C0007B681B6803F00403002B08D0194B9B6802
:1064D00023F4E0527B68DB68164913438B607B68CA
:1064E0001B6803F00803002B09D0124B9B6823F4B0
:1064F00060427B681B69DB000E4913438B6000F030
:1065000021F802460B4B9B681B0903F00F030A4955
:10651000CB5C22FA03F3094A1360094B1B68184647
:10652000FEF710F9002318461037BD4680BD00BFA6
:10653000003C02400038024078B000080000002013
:10654000040000202DE9B04F94B000AF00237B641D
:106550000023FB6400233B640023BB64794B9B68EE
:1065600003F00C03082B0DD0082B00F2E180002B68
:1065700002D0042B03D0DBE0734BBB64DBE0724B37
:10658000BB64D8E06F4B5B6803F03F037B646D4BEB
:106590005B6803F48003002B63D06A4B5B689B0944
:1065A0000022BB63FA63BB6BC3F308033B630023A6
:1065B0007B63D7E90C4522462B464FF000004FF095
:1065C0000001590141EAD261500102460B462146C1
:1065D000511A3961294663EB01037B614FF00002D8
:1065E0004FF00003D7E904AB59468B01514643EA0B
:1065F000916351468A015146B2EB0108594663EB5B
:1066000001094FF000024FF000034FEAC90343EACB
:1066100058734FEAC80290469946234618EB030385
:10662000BB602B4649EB0303FB604FF000024FF0C9
:106630000003D7E9024529468B02214643EA9153DC
:1066400021468A02104619467B6C0022BB62FA6220
:10665000D7E90A23FAF7A0FA02460B461346FB6471
:1066600058E0384B5B689B09002218461146C0F37E
:1066700008033B6200237B62D7E9088942464B4608
:106680004FF000004FF00001590141EAD261500182
:1066900002460B464146B2EB010A494663EB010B49
:1066A0004FF000024FF000034FEA8B1343EA9A6366
:1066B0004FEA8A12B2EB0A0463EB0B054FF00002BB
:1066C0004FF00003EB0043EA5473E20014461D460A
:1066D0004346E3183B604B4645EB03037B604FF0BA
:1066E00000024FF00003D7E9004529468B022146FE
:1066F00043EA915321468A02104619467B6C0022D8
:10670000BB61FA61D7E90623FAF746FA02460B465F
:106710001346FB640B4B5B681B0C03F00303013354
:106720005B003B64FA6C3B6CB2FBF3F3BB6402E0CE
:10673000054BBB6400BFBB6C18465037BD46BDE877
:10674000B08F00BF003802400024F40080B400AFD6
:10675000034B1B681846BD465DF8047B704700BFBD
:106760000000002080B500AFFFF7F0FF0246054BA8
:106770009B689B0A03F007030349CB5C22FA03F3EF
:10678000184680BD0038024088B0000880B500AFD0
:10679000FFF7DCFF0246054B9B685B0B03F007032A
:1067A0000349CB5C22FA03F3184680BD003802404F
:1067B00088B0000880B483B000AF786039607B682F
:1067C0000F221A60124B9B6803F003027B685A6029
:1067D0000F4B9B6803F0F0027B689A600C4B9B6840
:1067E00003F4E0527B68DA60094B9B68DB0803F432
:1067F000E0527B681A61074B1B6803F00F023B688D
:106800001A6000BF0C37BD465DF8047B704700BFBF
:1068100000380240003C024080B582B000AF786092
:106820007B68002B01D1012356E07B6800229A622D
:106830007B6893F85130DBB2002B06D17B680022D5
:1068400083F850207868FDF7F1FD7B68022283F819
:1068500051207B681B681A687B681B6822F0400225
:106860001A607B685A687B689B681A437B68DB68A0
:106870001A437B681B691A437B685B691A437B6810
:106880009B6903F400731A437B68DB691A437B68D6
:106890001B6A42EA03017B689A6A7B681B680A43A9
:1068A0001A607B689B691B0C03F004017B685A6AC1
:1068B0007B681B680A435A607B681B68DA697B68DF
:1068C0001B6822F40062DA617B6800225A657B68EB
:1068D000012283F85120002318460837BD4680BDA9
:1068E00080B588B000AFF860B9603B601346FB80AC
:1068F0000023FB77FB6893F85030012B01D1022372
:106900001EE1FB68012283F85020FEF713F8B861FE
:10691000FB88FB82FB6893F85130DBB2012B02D07D
:106920000223FB7703E1BB68002B02D0FB88002B1E
:1069300002D10123FB77FAE0FB68032283F85120A0
:10694000FB6800225A65FB68BA681A63FB68FA881C
:106950009A86FB68FA88DA86FB6800229A63FB68ED
:1069600000229A87FB680022DA87FB6800225A64BB
:10697000FB6800221A64FB689B68B3F5004F07D1DF
:10698000FB681B681A68FB681B6842F480421A6047
:10699000FB681B681B6803F04003402B07D0FB68B3
:1069A0001B681A68FB681B6842F040021A60FB68AB
:1069B000DB68B3F5006F4BD1FB685B68002B02D03E
:1069C000FB8A012B3ED1FB681B6B1A88FB681B6896
:1069D000DA60FB681B6B9A1CFB681A63FB68DB8E32
:1069E0009BB2013B9AB2FB68DA862BE0FB681B681E
:1069F0009B6803F00203022B12D1FB681B6B1A8801
:106A0000FB681B68DA60FB681B6B9A1CFB681A63E7
:106A1000FB68DB8E9BB2013B9AB2FB68DA8611E021
:106A2000FDF788FF0246BB69D31A3A689A4203D839
:106A30003B68B3F1FF3F02D13B68002B02D1032337
:106A4000FB7774E0FB68DB8E9BB2002BCED14CE071
:106A5000FB685B68002B02D0FB8A012B40D1FB68EE
:106A60001A6BFB681B680C3312781A70FB681B6B7F
:106A70005A1CFB681A63FB68DB8E9BB2013B9AB21F
:106A8000FB68DA862CE0FB681B689B6803F0020356
:106A9000022B13D1FB681A6BFB681B680C3312784E
:106AA0001A70FB681B6B5A1CFB681A63FB68DB8E51
:106AB0009BB2013B9AB2FB68DA8611E0FDF73AFF20
:106AC0000246BB69D31A3A689A4203D83B68B3F1CD
:106AD000FF3F02D13B68002B02D10323FB7726E066
:106AE000FB68DB8E9BB2002BCDD1BA693968F868A0
:106AF00000F0A4FB0346002B02D0FB6820225A655D
:106B0000FB689B68002B0AD100233B61FB681B6874
:106B1000DB683B61FB681B689B683B613B69FB680A
:106B20005B6D002B02D00123FB7700E000BFFB6808
:106B3000012283F85120FB68002283F85020FB7F5C
:106B400018462037BD4680BD80B588B002AFF860DA
:106B5000B9603B601346FB800023FB75FB685B68F4
:106B6000B3F5827F12D1FB689B68002B0ED1FB68C6
:106B7000042283F85120FA883B6800931346BA68D0
:106B8000B968F86800F0E9F80346E2E0FB6893F8BA
:106B90005030012B01D10223DBE0FB68012283F896
:106BA0005020FDF7C7FE3861FB6893F85130DBB227
:106BB000012B02D00223FB75C2E0BB68002B02D080
:106BC000FB88002B02D10123FB75B9E0FB6804228E
:106BD00083F85120FB6800225A65FB68BA689A6303
:106BE000FB68FA889A87FB68FA88DA87FB680022D4
:106BF0001A63FB6800229A86FB680022DA86FB682B
:106C000000221A64FB6800225A64FB689B68B3F593
:106C1000004F07D1FB681B681A68FB681B6822F4E9
:106C200080421A60FB681B681B6803F04003402B1E
:106C300007D0FB681B681A68FB681B6842F04002BB
:106C40001A60FB68DB68002B62D12EE0FB681B68D2
:106C50009B6803F00103012B15D1FB681B6803F14E
:106C60000C02FB689B6B1278D2B21A70FB689B6BAC
:106C70005A1CFB689A63FB68DB8F9BB2013B9AB29C
:106C8000FB68DA8711E0FDF755FE02463B69D31A2F
:106C90003A689A4203D83B68B3F1FF3F02D13B68A0
:106CA000002B02D10323FB754AE0FB68DB8F9BB20C
:106CB000002BCBD131E0FB681B689B6803F001031C
:106CC000012B13D1FB681B68DA68FB689B6B92B2DF
:106CD0001A80FB689B6B9A1CFB689A63FB68DB8FCE
:106CE0009BB2013B9AB2FB68DA8711E0FDF722FE06
:106CF00002463B69D31A3A689A4203D83B68B3F11B
:106D0000FF3F02D13B68002B02D10323FB7517E044
:106D1000FB68DB8F9BB2002BCDD13A693968F868EC
:106D200000F027FA0346002B02D0FB6820225A65A8
:106D3000FB685B6D002B02D00123FB7500E000BFF8
:106D4000FB68012283F85120FB68002283F8502061
:106D5000FB7D18461837BD4680BD80B58CB000AFAE
:106D6000F860B9607A607B800123FB62002387F8BA
:106D70002B30FB6893F85030012B01D102238AE1BC
:106D8000FB68012283F85020FDF7D4FD7862FB6890
:106D900093F8513087F82330FB685B68FB617B8890
:106DA0007B8397F82330012B0FD0FB69B3F5827FEB
:106DB00007D1FB689B68002B03D197F82330042B85
:106DC00003D0022387F82B305BE1BB68002B05D092
:106DD0007B68002B02D07B88002B03D1012387F82E
:106DE0002B304EE1FB6893F85130DBB2042B03D01B
:106DF000FB68052283F85120FB6800225A65FB6876
:106E00007A689A63FB687A88DA87FB687A889A8757
:106E1000FB68BA681A63FB687A88DA86FB687A8846
:106E20009A86FB6800221A64FB6800225A64FB6899
:106E30001B681B6803F04003402B07D0FB681B68EE
:106E40001A68FB681B6842F040021A60FB68DB6846
:106E5000B3F5006F78D1FB685B68002B02D07B8BA9
:106E6000012B66D1FB681B6B1A88FB681B68DA6014
:106E7000FB681B6B9A1CFB681A63FB68DB8E9BB27A
:106E8000013B9AB2FB68DA8653E0FB681B689B689B
:106E900003F00203022B1BD1FB68DB8E9BB2002B9D
:106EA00016D0FB6A012B13D1FB681B6B1A88FB6899
:106EB0001B68DA60FB681B6B9A1CFB681A63FB6833
:106EC000DB8E9BB2013B9AB2FB68DA860023FB6241
:106ED000FB681B689B6803F00103012B19D1FB6859
:106EE000DB8F9BB2002B14D0FB681B68DA68FB6851
:106EF0009B6B92B21A80FB689B6B9A1CFB689A632F
:106F0000FB68DB8F9BB2013B9AB2FB68DA870123F7
:106F1000FB62FDF70FFD02467B6AD31ABA6B9A42F9
:106F200007D8BB6BB3F1FF3F03D0032387F82B30A7
:106F3000A7E0FB68DB8E9BB2002BA6D1FB68DB8F42
:106F40009BB2002BA1D17CE0FB685B68002B02D0D8
:106F50007B8B012B6BD1FB681A6BFB681B680C33B6
:106F600012781A70FB681B6B5A1CFB681A63FB686B
:106F7000DB8E9BB2013B9AB2FB68DA8657E0FB6876
:106F80001B689B6803F00203022B1CD1FB68DB8E9D
:106F90009BB2002B17D0FB6A012B14D1FB681A6B34
:106FA000FB681B680C3312781A70FB681B6B5A1C49
:106FB000FB681A63FB68DB8E9BB2013B9AB2FB68ED
:106FC000DA860023FB62FB681B689B6803F0010301
:106FD000012B19D1FB68DB8F9BB2002B14D0FB680F
:106FE0001B68DA68FB689B6BD2B21A70FB689B6BFC
:106FF0005A1CFB689A63FB68DB8F9BB2013B9AB219
:10700000FB68DA870123FB62FDF794FC02467B6A8A
:10701000D31ABA6B9A4203D8BB6BB3F1FF3F02D1CC
:10702000BB6B002B03D1032387F82B3029E0FB68CF
:10703000DB8E9BB2002BA2D1FB68DB8F9BB2002BB7
:107040009DD17A6AB96BF86800F0F8F80346002B16
:1070500006D0012387F82B30FB6820225A6510E008
:10706000FB689B68002B0BD100237B61FB681B68CE
:10707000DB687B61FB681B689B687B617B6900E068
:1070800000BFFB68012283F85120FB68002283F8CF
:10709000502097F82B3018463037BD4680BD80B55C
:1070A00084B000AFF860B9603B601346FB714CE000
:1070B0003B68B3F1FF3F48D0FDF73CFC0246BB699B
:1070C000D31A3A689A4202D93B68002B3DD1FB683B
:1070D0001B685A68FB681B6822F0E0025A60FB6874
:1070E0005B68B3F5827F11D1FB689B68B3F5004FF5
:1070F00004D0FB689B68B3F5806F07D1FB681B6801
:107100001A68FB681B6822F040021A60FB689B6AE1
:10711000B3F5005F0FD1FB681B681A68FB681B683A
:1071200022F400521A60FB681B681A68FB681B682F
:1071300042F400521A60FB68012283F85120FB6878
:10714000002283F8502003230FE0FB681B689A6835
:10715000BB681340BA689A420CBF01230023DBB21C
:107160001A46FB799A42A3D1002318461037BD4630
:1071700080BD80B586B002AFF860B9607A60FB6808
:107180005B68B3F5827F11D1FB689B68B3F5004F54
:1071900004D0FB689B68B3F5806F07D1FB681B6860
:1071A0001A68FB681B6822F040021A60FB685B6883
:1071B000B3F5827F2AD1FB689B68B3F5806F12D04C
:1071C0007B680093BB6800228021F868FFF767FFA7
:1071D0000346002B2DD0FB685B6D43F02002FB685B
:1071E0005A65032326E07B680093BB6800220121D7
:1071F000F868FFF754FF0346002B1AD0FB685B6D5D
:1072000043F02002FB685A65032313E07B68009378
:10721000BB6800220121F868FFF741FF0346002BFD
:1072200007D0FB685B6D43F02002FB685A650323BF
:1072300000E0002318461037BD4680BD80B588B0F9
:1072400002AFF860B9607A601B4B1B681B4AA2FB57
:1072500003235B0D4FF47A7202FB03F37B61FB683F
:107260005B68B3F5827F12D17B680093BB68002214
:107270008021F868FFF713FF0346002B16D0FB6848
:107280005B6D43F02002FB685A6503230FE07B69C6
:10729000002B0AD07B69013B7B61FB681B689B6804
:1072A00003F08003802BF2D000E000BF00231846DB
:1072B0001837BD4680BD00BF00000020819F5E16CC
:1072C00080B582B000AF78607B68002B01D10123CC
:1072D0001DE07B6893F83D30DBB2002B06D17B6864
:1072E000002283F83C207868FDF756F97B6802227B
:1072F00083F83D207B681A687B6804331946104682
:1073000000F05EF97B68012283F83D2000231846D7
:107310000837BD4680BD80B485B000AF78607B681B
:107320001B68DA687B681B6842F00102DA607B68E0
:107330001B689B6803F00703FB60FB68062B07D004
:107340007B681B681A687B681B6842F001021A6040
:10735000002318461437BD465DF8047B704780B59E
:1073600082B000AF78607B681B681B6903F0020382
:10737000022B22D17B681B68DB6803F00203022B1F
:107380001BD17B681B686FF002021A617B680122C7
:107390001A777B681B689B6903F00303002B03D0FB
:1073A000786800F0EEF805E0786800F0E0F87868BA
:1073B00000F0F1F87B6800221A777B681B681B6974
:1073C00003F00403042B22D17B681B68DB6803F005
:1073D0000403042B1BD17B681B686FF004021A6145
:1073E0007B6802221A777B681B689B6903F44073F1
:1073F000002B03D0786800F0C4F805E0786800F04E
:10740000B6F8786800F0C7F87B6800221A777B68C6
:107410001B681B6903F00803082B22D17B681B68DB
:10742000DB6803F00803082B1BD17B681B686FF037
:1074300008021A617B6804221A777B681B68DB6983
:1074400003F00303002B03D0786800F09AF805E0FE
:10745000786800F08CF8786800F09DF87B6800226E
:107460001A777B681B681B6903F01003102B22D16D
:107470007B681B68DB6803F01003102B1BD17B6853
:107480001B686FF010021A617B6808221A777B680C
:107490001B68DB6903F44073002B03D0786800F0AD
:1074A00070F805E0786800F062F8786800F073F82A
:1074B0007B6800221A777B681B681B6903F0010355
:1074C000012B0ED17B681B68DB6803F00103012BE5
:1074D00007D17B681B686FF001021A617868FCF7BE
:1074E000BFFE7B681B681B6903F08003802B0ED1F5
:1074F0007B681B68DB6803F08003802B07D17B6807
:107500001B686FF080021A61786800F003F97B68ED
:107510001B681B6903F04003402B0ED17B681B687E
:10752000DB6803F04003402B07D17B681B686FF0DA
:1075300040021A61786800F038F87B681B681B69A4
:1075400003F02003202B0ED17B681B68DB6803F05F
:107550002003202B07D17B681B686FF020021A6183
:10756000786800F0CDF800BF0837BD4680BD80B414
:1075700083B000AF786000BF0C37BD465DF8047B78
:10758000704780B483B000AF786000BF0C37BD4651
:107590005DF8047B704780B483B000AF786000BFB3
:1075A0000C37BD465DF8047B704780B483B000AFF4
:1075B000786000BF0C37BD465DF8047B7047000063
:1075C00080B485B000AF786039607B681B68FB6071
:1075D0007B68404A934213D07B68B3F1804F0FD051
:1075E0007B683D4A93420BD07B683C4A934207D06C
:1075F0007B683B4A934203D07B683A4A934208D166
:10760000FB6823F07003FB603B685B68FA68134318
:10761000FB607B682F4A93422BD07B68B3F1804F8D
:1076200027D07B682C4A934223D07B682B4A934215
:107630001FD07B682A4A93421BD07B68294A934219
:1076400017D07B68284A934213D07B68274A93421D
:107650000FD07B68264A93420BD07B68254A934221
:1076600007D07B68244A934203D07B68234A934225
:1076700008D1FB6823F44073FB603B68DB68FA6861
:107680001343FB60FB6823F080023B685B69134394
:10769000FB607B68FA681A603B689A687B68DA620C
:1076A0003B681A687B689A627B680A4A934203D0F7
:1076B0007B680C4A934203D13B681A697B681A6362
:1076C0007B6801225A6100BF1437BD465DF8047B18
:1076D000704700BF00000140000400400008004067
:1076E000000C004000040140004001400044014003
:1076F0000048014000180040001C004000200040ED
:1077000080B483B000AF786000BF0C37BD465DF831
:10771000047B704780B483B000AF786000BF0C3743
:10772000BD465DF8047B704780B582B000AF7860DD
:107730007B68002B01D101233FE07B6893F839304F
:10774000DBB2002B06D17B68002283F838207868F2
:10775000FCF744FF7B68242283F839207B681B6890
:10776000DA687B681B6822F40052DA60786800F0FF
:1077700029F87B681B681A697B681B6822F49042B1
:107780001A617B681B685A697B681B6822F02A02B1
:107790005A617B681B68DA687B681B6842F4005298
:1077A000DA607B680022DA637B68202283F8392064
:1077B0007B68202283F83A20002318460837BD460C
:1077C00080BD00002DE9B04FADF5027D00AFC7F8D8
:1077D000FC01D7F8FC311B681B6923F44050D7F833
:1077E000FC31D968D7F8FC311A6840EA010313610B
:1077F000D7F8FC319A68D7F8FC311B691A43D7F8DF
:10780000FC315B691A43D7F8FC31DB691343C7F8D5
:107810000432D7F8FC311B68DB6823F4164121F0F1
:107820000C01D7F8FC311A68D7F804320B43D36047
:10783000D7F8FC311B685B6923F44070D7F8FC3142
:107840009969D7F8FC311A6840EA01035361D7F807
:10785000FC31DB69B3F5004F40F04A82D7F8FC31C8
:107860001A68964B9A4206D0D7F8FC311A68944BA6
:107870009A4240F02981FEF789FFC7F80002D7F845
:1078800000320022C7F8F031C7F8F421D7E97C456F
:1078900022462B469118C7F8D0105B41C7F8D43068
:1078A000D7E9342321465118C7F8C81029464B415F
:1078B000C7F8CC304FF000024FF00003D7E932890F
:1078C0004946CB00414643EA51734146CA0010463F
:1078D0001946034622469B18C7F8E8312B460A464C
:1078E00042EB0303C7F8EC31D7F8FC315B680022A8
:1078F000C7F8E031C7F8E421D7E978120B46DB1866
:10790000C7F8C030134642EB0303C7F8C430D7E9C9
:107910003023D7E97A01F9F73FF902460B46694B64
:10792000A3FB02235B091C01D7F800320022C7F831
:10793000D831C7F8DC21D7E9768942464B46911801
:10794000C7F8B8105B41C7F8BC30D7E92E234146D1
:107950005118C7F8B01049464B41C7F8B4304FF042
:1079600000024FF00003D7E92CAB5946CB0051463B
:1079700043EA51735146CA0010461946034642462F
:107980009B18C7F8D0314B460A4642EB0303C7F8B1
:10799000D431D7F8FC315B680022C7F8C831C7F88A
:1079A000CC21D7E972120B46DB18C7F8A830134672
:1079B00042EB0303C7F8AC30D7E92A23D7E97401B7
:1079C000F9F7EAF802460B4611463E4BA3FB0123AA
:1079D0005B09642202FB03F3CB1ADB0003F13202E2
:1079E000384BA3FB02235B095B0003F4F8731C44D0
:1079F000D7F800320022C7F8C031C7F8C421D7E950
:107A0000708942464B469118C7F8A0105B41C7F8F1
:107A1000A430D7E9282341465118C7F898104946A1
:107A20004B41C7F89C304FF000024FF00003D7E9FC
:107A300026AB5946CB00514643EA51735146CA0022
:107A400010461946034642469B18C7F8B8314B46C4
:107A50000A4642EB0303C7F8BC31D7F8FC315B6838
:107A60000022C7F8B031C7F8B421D7E96C120B4631
:107A7000DB18C7F89030134642EB0303C7F8943085
:107A8000D7E92423D7E96E01F9F786F802460B46B9
:107A90000C4BA3FB02135B09642101FB03F3D31A14
:107AA000DB003233074AA2FB03235B0903F0070222
:107AB000D7F8FC311B6822449A604AE30010014069
:107AC000001401401F85EB51FEF74CFEC7F8000281
:107AD000D7F800320022C7F8A831C7F8AC21D7E99F
:107AE0006A4522462B469118C7F888105B41C7F8B3
:107AF0008C30D7E92223214612EB010A294643EBB9
:107B0000010B4FF000024FF000034FEACB0343EAB2
:107B10005A734FEACA0292469B4623461AEB030366
:107B2000C7F8A0312B464BEB0303C7F8A431D7F8B5
:107B3000FC315B680022C7F89831C7F89C21D7E96F
:107B400066120B46DB18C7F88030134642EB03037E
:107B5000C7F88430D7E92023D7E96801F9F71CF882
:107B600002460B46614BA3FB02235B091C01D7F8BD
:107B700000320022C7F89031C7F89421D7E9648910
:107B800042464B469118B9675B41FB67D7E91E2314
:107B900041465118396749464B417B674FF0000217
:107BA0004FF00003D7E91CAB5946CB00514643EADE
:107BB00051735146CA0010461946034642469B1867
:107BC000C7F888314B460A4642EB0303C7F88C31AD
:107BD000D7F8FC315B680022C7F88031C7F88421F0
:107BE000D7E960120B46DB18BB66134642EB030372
:107BF000FB66D7E91A23D7E96201F8F7CDFF024601
:107C00000B461146394BA3FB01235B09642202FB9F
:107C100003F3CB1ADB0003F13202344BA3FB022344
:107C20005B095B0003F4F8731C44D7F800320022B0
:107C3000C7F87831C7F87C21D7E95E8942464B46C0
:107C4000911839665B417B66D7E918234146511884
:107C5000B96549464B41FB654FF000024FF0000308
:107C6000D7E916AB5946CB00514643EA517351460A
:107C7000CA0010461946034642469B18C7F87031A1
:107C80004B460A4642EB0303C7F87431D7F8FC3180
:107C90005B680022C7F86831C7F86C21D7E95A122F
:107CA0000B46DB183B65134642EB03037B65D7E9C4
:107CB0001423D7E95C01F8F76FFF02460B460B4B24
:107CC000A3FB02135B09642101FB03F3D31ADB005E
:107CD0003233064AA2FB03235B0903F00702D7F8FD
:107CE000FC311B6822449A6033E200BF1F85EB51D0
:107CF000D7F8FC311A688D4B9A4206D0D7F8FC3180
:107D00001A688B4B9A4240F01781FEF73FFDC7F887
:107D10000002D7F800320022C7F86031C7F86421AA
:107D2000D7E9584522462B469118B9645B41FB645C
:107D3000D7E91223214612EB0108294643EB01093A
:107D40004FF000024FF000034FEAC90343EA5873B3
:107D50004FEAC80290469946234618EB0303C7F83A
:107D600058312B4649EB0303C7F85C31D7F8FC3197
:107D70005B680022C7F85031C7F854214FF0000269
:107D80004FF00003D7E9544529468B00214643EACA
:107D9000917321468A00D7E95601F8F7FDFE0246A5
:107DA0000B46644BA3FB02235B091C01D7F800328E
:107DB0000022C7F84831C7F84C21D7E9528942461A
:107DC0004B46911839645B417B64D7E910234146E7
:107DD0005118B96349464B41FB634FF000024FF025
:107DE0000003D7E90EAB5946CB00514643EA517325
:107DF0005146CA0010461946034642469B18C7F82A
:107E000040314B460A4642EB0303C7F84431D7F8EA
:107E1000FC315B680022C7F83831C7F83C214FF0CD
:107E200000024FF00003D7E94E8949468B004146D6
:107E300043EA917341468A00D7E95001F8F7ACFE56
:107E400002460B4611463B4BA3FB01235B09642210
:107E500002FB03F3CB1A1B013233364AA2FB032386
:107E60005B0903F0F0031C44D7F800320022C7F886
:107E70003031C7F83421D7E94C8942464B46911836
:107E800039635B417B63D7E90C2341465118B962E2
:107E900049464B41FB624FF000024FF00003D7E927
:107EA0000AAB5946CB00514643EA51735146CA00CA
:107EB00010461946034642469B18C7F828314B46E0
:107EC0000A4642EB0303C7F82C31D7F8FC315B6854
:107ED0000022C7F82031C7F824214FF000024FF0EC
:107EE0000003D7E9488949468B00414643EA91732C
:107EF00041468A00D7E94A01F8F74EFE02460B4692
:107F00000C4BA3FB02135B09642101FB03F3D31A9F
:107F10001B013233074AA2FB03235B0903F00F0264
:107F2000D7F8FC311B6822449A6012E1001001402E
:107F3000001401401F85EB51FEF714FCC7F8000246
:107F4000D7F800320022C7F81831C7F81C21D7E94A
:107F5000468942464B46911839625B417B62D7E9BC
:107F6000082341465418494643EB01054FF00002EF
:107F70004FF00003EB0043EA5473E20014461D4641
:107F80004346E318C7F810314B4645EB0303C7F8E7
:107F90001431D7F8FC315B680022C7F80831C7F804
:107FA0000C214FF000024FF00003D7E9424529466B
:107FB0008B00214643EA917321468A00D7E94401A8
:107FC000F8F7EAFD02460B46654BA3FB02235B096B
:107FD0001C01D7F800320022C7F80031C7F804218D
:107FE000D7E9408942464B469118B9615B41FB6134
:107FF000D7E9062341465118396149464B417B6117
:108000004FF000024FF00003D7E904AB5946CB0014
:10801000514643EA51735146CA0010461946034679
:1080200042469B18C7F8F8304B460A4642EB03031A
:10803000C7F8FC30D7F8FC315B680022C7F8F03095
:10804000C7F8F4204FF000024FF00003D7E93C8955
:1080500049468B00414643EA917341468A00D7E97D
:108060003E01F8F799FD02460B4611463C4BA3FB37
:1080700001235B09642202FB03F3CB1A1B01323399
:10808000374AA2FB03235B0903F0F0031C44D7F833
:1080900000320022C7F8E830C7F8EC20D7E93A8967
:1080A00042464B469118B9605B41FB60D7E9022319
:1080B00041465118396049464B417B604FF0000200
:1080C0004FF00003D7E900AB5946CB00514643EAD5
:1080D00051735146CA0010461946034642469B1842
:1080E000C7F8E0304B460A4642EB0303C7F8E430DA
:1080F000D7F8FC315B680022C7F8D830C7F8DC201D
:108100004FF000024FF00003D7E9368949468B0053
:10811000414643EA917341468A00D7E93801F8F7AE
:108120003BFD02460B460E4BA3FB02135B09642189
:1081300001FB03F3D31A1B013233094AA2FB0323C9
:108140005B0903F00F02D7F8FC311B6822449A60E8
:10815000FFE700BF07F50277BD46BDE8B08F00BF5F
:108160001F85EB5180B485B000AF0346FB80002330
:10817000FB60B7F90630842B05D0B7F90620FB6801
:1081800013440333FB60FB6818461437BD465DF8A3
:10819000047B704780B500AF00F0DCFA002318467E
:1081A00080BDF0B589B004AF786039607B685B69E9
:1081B000002B20D07B689B69002B1CD07B685C68FF
:1081C0007B681D687B681E697B68B3F908301846B8
:1081D000FFF7C8FF01467B685B697A689269029283
:1081E000019300913B6832462946204600F0EDF8A5
:1081F0000346FB601CE07B685C687B681D687B68ED
:108200001B699EB27B68B3F908301846FFF7AAFFD6
:10821000024607F10C03019300923B68324629465F
:10822000204600F031F90346012B01D0002300E085
:10823000FB6818461437BD46F0BD80B584B000AF6A
:1082400078607B68FB60FB68002B01D0FB6800E076
:108250000123184600F048FA002318461037BD469F
:1082600080BD80B483B000AF78607B6803F1080202
:108270007B685A607B684FF0FF329A607B6803F13D
:1082800008027B68DA607B6803F108027B681A6188
:108290007B6800221A6000BF0C37BD465DF8047B86
:1082A000704780B483B000AF78607B6800221A61A9
:1082B00000BF0C37BD465DF8047B704780B485B0C5
:1082C00000AF786039607B685B68FB603B68FA6888
:1082D0005A60FB689A683B689A60FB689B683A68DA
:1082E0005A60FB683A689A603B687A681A617B68F2
:1082F0001B685A1C7B681A6000BF1437BD465DF8C6
:10830000047B704780B485B000AF786039603B680B
:108310001B68BB60BB68B3F1FF3F03D17B681B697F
:10832000FB600CE07B680833FB6002E0FB685B6885
:10833000FB60FB685B681B68BA689A42F6D2FB6810
:108340005A683B685A603B685B683A689A603B6869
:10835000FA689A60FB683A685A603B687A681A6102
:108360007B681B685A1C7B681A6000BF1437BD46C7
:108370005DF8047B704780B485B000AF78607B689F
:108380001B69FB607B685B687A6892689A607B68AF
:108390009B687A6852685A60FB685B687A689A42A0
:1083A00003D17B689A68FB685A607B6800221A6177
:1083B000FB681B685A1EFB681A60FB681B6818463E
:1083C0001437BD465DF8047B704780B58EB004AFAE
:1083D000F860B9607A603B607B6B002B0BD14FF08B
:1083E000500383F31188BFF36F8FBFF34F8F3B624E
:1083F00000BF00BFFDE7BB6B002B0BD14FF050035C
:1084000083F31188BFF36F8FBFF34F8FFB6100BF02
:1084100000BFFDE754233B613B69542B0BD04FF069
:10842000500383F31188BFF36F8FBFF34F8FBB618E
:1084300000BF00BFFDE7BB6B002B1ED07B6B002B8A
:108440001BD0BB6B7B627B6A7A6B1A637B6A0222EE
:1084500083F85120002303937B6A029307F11403EE
:1084600001933B6B00933B687A68B968F86800F049
:1084700050F8786A00F0CEF801E000237B617B6958
:1084800018462837BD4680BD80B58CB004AFF86073
:10849000B9603B601346FB80FB889B00184600F0E8
:1084A000D3FE78617B69002B0ED0542000F0CCFE07
:1084B000F861FB69002B03D0FB697A691A6305E058
:1084C000786900F089FF01E00023FB61FB69002B64
:1084D00017D0FB69002283F85120FA880023039308
:1084E000FB690293FB6A0193BB6A00933B68B9681E
:1084F000F86800F00EF8F86900F08CF80123BB6111
:1085000002E04FF0FF33BB61BB6918462037BD4620
:1085100080BD80B588B000AFF860B9607A603B601C
:108520003B6B1A6B7B6803F18043013B9B00134458
:10853000BB61BB6923F00703BB61BB6903F00703A1
:10854000002B0BD04FF0500383F31188BFF36F8FD4
:10855000BFF34F8F7B6100BF00BFFDE70023FB61CE
:1085600012E0BA68FB69134419783A6BFB6913444B
:1085700034330A461A70BA68FB6913441B78002B1F
:1085800006D0FB690133FB61FB690F2BE9D900E0E1
:1085900000BF3B6B002283F84320BB6A062B01D946
:1085A0000623BB623B6BBA6ADA623B6BBA6A5A64F7
:1085B0003B6B00229A643B6B04331846FFF771FE55
:1085C0003B6B18331846FFF76CFE3B6B3A6B1A6136
:1085D000BB6AC3F107023B6B9A613B6B3A6B5A6211
:1085E0003B6B0022DA643B6B002283F850203A6830
:1085F000F968B86900F018FC02463B6B1A60FB6A28
:10860000002B02D0FB6A3A6B1A6000BF2037BD46D0
:1086100080BD000080B582B000AF786000F034FD0E
:108620002A4B1B680133294A1360294B1B68002B16
:1086300009D1274A7B681360244B1B68012B10D19A
:1086400000F0C8FA0DE0234B1B68002B09D1204B2A
:108650001B68DA6A7B68DB6A9A4202D81C4A7B682C
:1086600013601D4B1B6801331B4A13607B68DB6A78
:1086700001229A40194B1B681343184A13607B6808
:10868000DA6A13469B0013449B00154A1A447B6820
:10869000043319461046FFF711FE00F027FD0D4B7D
:1086A0001B68002B0ED00A4B1B68DA6A7B68DB6AFA
:1086B0009A4207D20B4B4FF080521A60BFF34F8F94
:1086C000BFF36F8F00BF0837BD4680BDE8090020AB
:1086D000E8080020F4090020040A0020F009002026
:1086E000EC08002004ED00E080B584B000AF7860B5
:1086F0000023FB607B68002B18D0144B1B68002BF9
:108700000BD04FF0500383F31188BFF36F8FBFF38B
:108710004F8FBB6000BF00BFFDE700F07DF8002178
:10872000786800F01BFB00F085F8F860FB68002B10
:1087300007D1074B4FF080521A60BFF34F8FBFF342
:108740006F8F00BF1037BD4680BD00BF100A0020EC
:1087500004ED00E080B58AB004AF0023BB600023C5
:108760007B603A46391D07F108031846FAF7C0FA4C
:1087700039687B68BA680292019300230093002352
:108780000A461F491F48FFF720FE03461E4A136092
:108790001D4B1B68002B02D001237B6101E00023ED
:1087A0007B617B69012B16D14FF0500383F3118855
:1087B000BFF36F8FBFF34F8F3B6100BF134B4FF081
:1087C000FF321A60124B01221A60124B00221A600B
:1087D00000F0B6FB0FE07B69B3F1FF3F0BD14FF028
:1087E000500383F31188BFF36F8FBFF34F8FFB608C
:1087F00000BF00BFFDE700BF1837BD4680BD00BF0A
:1088000070B00008A58B00080C0A0020080A0020A0
:10881000F4090020EC09002080B400AF044B1B6871
:108820000133034A136000BFBD465DF8047B704707
:10883000100A002080B584B000AF0023FB60002345
:10884000BB60424B1B68002B0BD14FF0500383F3EE
:108850001188BFF36F8FBFF34F8F3B6000BF00BF26
:10886000FDE700F011FC394B1B68013B374A1360F0
:10887000364B1B68002B61D1354B1B68002B5DD03C
:108880002EE0344BDB68DB68FB60FB68183318466E
:10889000FFF771FDFB6804331846FFF76CFDFB68BA
:1088A000DB6A01229A402C4B1B6813432A4A13604F
:1088B000FB68DA6A13469B0013449B00274A1A445C
:1088C000FB68043319461046FFF7F8FCFB68DA6AC8
:1088D000234B1B68DB6A9A4202D3224B01221A60A7
:1088E0001C4B1B68002BCCD1FB68002B01D000F087
:1088F0000FFA1D4B1B687B607B68002B10D000F0CB
:1089000037F80346002B02D0164B01221A607B6811
:10891000013B7B607B68002BF1D1134B00221A6076
:10892000104B1B68002B09D00123BB600F4B4FF08D
:1089300080521A60BFF34F8FBFF36F8F00F0D6FBEA
:10894000BB6818461037BD4680BD00BF100A002026
:10895000E8090020A8090020F0090020EC08002008
:10896000E8080020FC090020F809002004ED00E0E0
:1089700080B586B000AF00237B61514B1B68002B94
:1089800040F08E804F4B1B6801333B614D4A3B6981
:1089900013603B69002B21D14B4B1B681B68002BDC
:1089A0000BD04FF0500383F31188BFF36F8FBFF3E9
:1089B0004F8F3B6000BF00BFFDE7434B1B68FB6070
:1089C000424B1B68404A1360404AFB681360404BAF
:1089D0001B6801333E4A136000F09AF93D4B1B6857
:1089E0003A699A424DD3384B1B681B68002B01D162
:1089F000012300E00023002B04D0364B4FF0FF3260
:108A00001A603EE0304B1B68DB68DB68BB60BB680C
:108A10005B687B603A697B689A4203D22D4A7B6827
:108A200013602EE0BB6804331846FFF7A4FCBB6854
:108A30009B6A002B04D0BB6818331846FFF79BFCD9
:108A4000BB68DB6A01229A40234B1B681343224A0E
:108A50001360BB68DA6A13469B0013449B001F4AED
:108A60001A44BB68043319461046FFF727FCBB685D
:108A7000DA6A1B4B1B68DB6A9A42B4D301237B6121
:108A8000B1E7174B1B68DA6A144913469B0013447D
:108A90009B000B441B68012B07D901237B6104E079
:108AA000104B1B6801330F4A13600F4B1B68002BE0
:108AB00001D001237B617B6918461837BD4680BD14
:108AC000100A0020EC090020A0090020A4090020C1
:108AD000000A0020080A0020F0090020EC0800200D
:108AE000E8080020F8090020FC09002080B487B0C5
:108AF00000AF274B1B68002B03D0264B01221A60C6
:108B000040E0244B00221A60234B1B68FB60FB688B
:108B1000B3FA83F3FB72FB7AC3F11F037B611F4936
:108B20007A6913469B0013449B000B441B68002B7F
:108B30000BD14FF0500383F31188BFF36F8FBFF356
:108B40004F8F7B6000BF00BFFDE77A6913469B0033
:108B500013449B00114A13443B613B695B685A68AC
:108B60003B695A603B695A683B6908339A4204D1B1
:108B70003B695B685A683B695A603B695B68DB68C4
:108B8000074A136000BF1C37BD465DF8047B704781
:108B9000100A0020FC090020F0090020EC08002049
:108BA000E808002080B582B000AF786000F052F88D
:108BB000064B1B68012BF9D9054B4FF080521A6008
:108BC000BFF34F8FBFF36F8FF0E700BFEC080020BB
:108BD00004ED00E080B582B000AF00237B600CE0C4
:108BE0007A6813469B0013449B00124A13441846AC
:108BF000FFF737FB7B6801337B607B68062BEFD97F
:108C00000D48FFF72EFB0D48FFF72BFB0C48FFF735
:108C100028FB0C48FFF725FB0B48FFF722FB0B4B0B
:108C2000054A1A600A4B054A1A6000BF0837BD465C
:108C300080BD00BFEC080020780900208C090020CE
:108C4000A8090020BC090020D4090020A0090020A8
:108C5000A409002080B582B000AF19E000F014FA3A
:108C6000104BDB68DB687B607B6804331846FFF7DA
:108C700082FB0D4B1B68013B0B4A13600B4B1B68BF
:108C8000013B0A4A136000F031FA786800F010F8EE
:108C9000064B1B68002BE1D100BF00BF0837BD4663
:108CA00080BD00BFBC090020E8090020D0090020D9
:108CB00080B584B000AF78607B6893F85130002BAA
:108CC00008D17B681B6B184600F086FB786800F0C3
:108CD00083FB19E07B6893F85130012B03D178684E
:108CE00000F07AFB10E07B6893F85130022B0BD038
:108CF0004FF0500383F31188BFF36F8FBFF34F8F93
:108D0000FB6000BF00BFFDE700BF1037BD4680BD60
:108D100080B483B000AF0F4B1B681B68002B01D1E0
:108D2000012300E00023002B04D00B4B4FF0FF3257
:108D30001A6008E0074B1B68DB68DB687B607B68B8
:108D40005B68054A136000BF0C37BD465DF8047BC5
:108D5000704700BFA0090020080A002080B584B039
:108D600000AF78603960294B1B68FB60284B1B689B
:108D700004331846FFF7FFFA0346002B0BD1244BB0
:108D80001B68DB6A012202FA03F3DA43214B1B68FA
:108D90001340204A13607B68B3F1FF3F0AD13B6860
:108DA000002B07D01A4B1B68043319461A48FFF7EB
:108DB00085FA26E0FA687B681344BB60144B1B6895
:108DC000BA685A60BA68FB689A4209D2134B1A68AB
:108DD0000F4B1B68043319461046FFF793FA10E057
:108DE0000F4B1A680A4B1B68043319461046FFF7ED
:108DF00089FA0C4B1B68BA689A4202D2094ABB68CE
:108E0000136000BF1037BD4680BD00BFEC090020D5
:108E1000E8080020F0090020D4090020A40900205F
:108E2000A0090020080A002080B485B000AFF860D7
:108E3000B9607A60FB68043BFB60FB684FF08072AE
:108E40001A60FB68043BFB60BB6823F00102FB680F
:108E50001A60FB68043BFB600C4AFB681A60FB6805
:108E6000143BFB607A68FB681A60FB68043BFB609C
:108E7000FB686FF002021A60FB68203BFB60FB6836
:108E800018461437BD465DF8047B7047918E000884
:108E900080B485B000AF00237B60134B1B68B3F137
:108EA000FF3F0BD04FF0500383F31188BFF36F8F58
:108EB000BFF34F8FFB6000BF00BFFDE74FF05003D3
:108EC00083F31188BFF36F8FBFF34F8FBB6000BF79
:108ED00000BF7B68002BFCD000BF00BF1437BD462D
:108EE0005DF8047B704700BF0C000020000000000C
:108EF000074B19680868B0E8F04F80F30988BFF3A2
:108F00006F8F4FF0000080F311887047AFF300803F
:108F1000E808002000BF00BF08480068006880F330
:108F200008884FF0000080F3148862B661B6BFF382
:108F30004F8FBFF36F8F00DF00BF00BF08ED00E071
:108F400080B586B000AF474B1B68474A93420BD1B0
:108F50004FF0500383F31188BFF36F8FBFF34F8F30
:108F60003B6100BF00BFFDE73E4B1B683F4A934299
:108F70000BD14FF0500383F31188BFF36F8FBFF312
:108F80004F8FFB6000BF00BFFDE7394B7B617B6902
:108F90001B78DBB27B607B69FF221A707B691B78D0
:108FA000DBB2FB70FB78DBB203F05003DAB2314B7B
:108FB0001A70314B07221A6009E02F4B1B68013BE6
:108FC0002D4A1360FB78DBB25B00DBB2FB70FB78F1
:108FD000DBB203F08003802BEFD0274B1B68C3F17B
:108FE0000703042B0BD04FF0500383F31188BFF31A
:108FF0006F8FBFF34F8FBB6000BF00BFFDE71E4BFD
:109000001B681B021C4A13601B4B1B6803F4E063C4
:10901000194A13607B68DAB27B691A70174B1B68B8
:10902000164A43F470031360144B1B68134A43F051
:109030007043136000F0DAF8114B00221A6000F060
:10904000F9F8104B1B680F4A43F040431360FFF7D9
:1090500063FFFFF74BFDFFF71BFF00231846183790
:10906000BD4680BD00ED00E071C20F4170C20F41EE
:1090700000E400E0140A0020180A002020ED00E0BF
:109080000C00002034EF00E080B483B000AF4FF05C
:10909000500383F31188BFF36F8FBFF34F8F7B6053
:1090A00000BF104B1B6801330E4A13600D4B1B6849
:1090B000012B10D10C4B1B68DBB2002B0BD04FF0F7
:1090C000500383F31188BFF36F8FBFF34F8F3B6063
:1090D00000BF00BFFDE700BF0C37BD465DF8047B55
:1090E000704700BF0C00002004ED00E080B483B0A6
:1090F00000AF124B1B68002B0BD14FF0500383F3D2
:109100001188BFF36F8FBFF34F8F7B6000BF00BF2D
:10911000FDE70A4B1B68013B084A1360074B1B68BD
:10912000002B05D100233B603B6883F3118800BF0F
:1091300000BF0C37BD465DF8047B70470C00002073
:10914000EFF30980BFF36F8F154B1A681EF0100FF5
:1091500008BF20ED108A20E9F04F10602DE90900CA
:109160004FF0500080F31188BFF34F8FBFF36F8F24
:10917000FFF7BCFC4FF0000080F3118809BC1968B0
:109180000868B0E8F04F1EF0100F08BFB0EC108A6E
:1091900080F30988BFF36F8F704700BFAFF3008083
:1091A000E808002000BF00BF80B582B000AF4FF0DC
:1091B000500383F31188BFF36F8FBFF34F8F7B6032
:1091C00000BFFFF7D5FB0346002B03D0064B4FF043
:1091D00080521A6000233B603B6883F3118800BF14
:1091E00000BF0837BD4680BD04ED00E080B400AF8D
:1091F0000B4B00221A600B4B00221A600A4B1B68B3
:109200000A4AA2FB03239B09094A013B1360044B52
:1092100007221A6000BFBD465DF8047B704700BF9F
:1092200010E000E018E000E000000020D34D6210E4
:1092300014E000E0DFF80C00016841F47001016007
:10924000704700BF88ED00E080B58AB000AF78605D
:109250000023FB61FFF7E0FA5A4B1B68002B01D19A
:1092600000F016F9584B1A687B681340002B40F049
:1092700090807B68002B1ED008227B6813447B60A3
:109280007B6803F00703002B15D07B6823F00703EE
:1092900008337B607B6803F00703002B0BD04FF093
:1092A000500383F31188BFF36F8FBFF34F8F7B6140
:1092B00000BF00BFFDE77B68002B6AD0434B1B68F3
:1092C0007A689A4265D8424B3B62414B1B687B628D
:1092D00004E07B6A3B627B6A1B687B627B6A5B683B
:1092E0007A689A4203D97B6A1B68002BF1D1354B0F
:1092F0001B687A6A9A424CD03B6A1B680822134466
:10930000FB617B6A1A683B6A1A607B6A5A687B68F1
:10931000D21A08235B009A4220D97A6A7B681344E8
:10932000BB61BB6903F00703002B0BD04FF0500368
:1093300083F31188BFF36F8FBFF34F8F3B6100BF83
:1093400000BFFDE77B6A5A687B68D21ABB695A6026
:109350007B6A7A685A60B86900F0FCF81B4B1A689F
:109360007B6A5B68D31A194A1360184B1A68194B49
:109370001B689A4203D2154B1B68164A13607B6A1E
:109380005A68114B1B681A437B6A5A607B6A002239
:109390001A60FFF74FFAFB6903F00703002B0BD0AD
:1093A0004FF0500383F31188BFF36F8FBFF34F8FDC
:1093B000FB6000BF00BFFDE7FB6918462837BD46CC
:1093C00080BD00BF244600203046002028460020F3
:1093D0001C4600202C46002080B586B000AF786087
:1093E0007B687B617B68002B4AD008235B427A69EB
:1093F00013447B617B693B613B695A68224B1B6864
:109400001340002B0BD14FF0500383F31188BFF3AF
:109410006F8FBFF34F8FFB6000BF00BFFDE73B695D
:109420001B68002B0BD04FF0500383F31188BFF360
:109430006F8FBFF34F8FBB6000BF00BFFDE73B697D
:109440005A68114B1B681340002B19D03B691B68ED
:10945000002B15D13B695A680B4B1B68DB431A4044
:109460003B695A60FFF7D8F93B695A68074B1B689C
:109470001344064A1360386900F06CF8FFF7DAF914
:1094800000BF1837BD4680BD30460020284600206A
:1094900080B485B000AF4FF47053BB60274BFB60C6
:1094A000FB6803F00703002B0CD0FB680733FB605D
:1094B000FB6823F00703FB60BA68FB68D31A1F4AF6
:1094C0001344BB60FB687B601D4A7B6813601C4BC8
:1094D00000225A607B68BA681344FB600822FB686C
:1094E0009B1AFB60FB6823F00703FB60FB68154ACF
:1094F0001360144B1B6800225A60124B1B68002239
:109500001A607B683B603B68FA68D21A3B685A6015
:109510000C4B1A683B681A603B685B680A4A136028
:109520003B685B68094A1360094B4FF000421A60C0
:1095300000BF1437BD465DF8047B70471C0A00204D
:109540001C460020244600202C46002028460020EF
:109550003046002080B485B000AF7860284BFB60B7
:1095600002E0FB681B68FB60FB681B687A689A4234
:10957000F7D8FB68BB60FB685B68BA6813447A681D
:109580009A4208D1FB685A687B685B681A44FB689A
:109590005A60FB687B607B68BB607B685B68BA680D
:1095A0001A44FB681B689A4218D1FB681A68154B6D
:1095B0001B689A420DD07B685A68FB681B685B6821
:1095C0001A447B685A60FB681B681A687B681A60DB
:1095D00008E00C4B1A687B681A6003E0FB681A68A5
:1095E0007B681A60FA687B689A4202D0FB687A68E6
:1095F0001A6000BF1437BD465DF8047B704700BF9A
:109600001C4600202446002000F036BB38B52DED66
:10961000028B55EC104B00F0CFF822462B4620462B
:109620002946B0EE408AF0EE608AF7F727FA90B943
:109630000022002320462946F7F7F8F958B101F037
:10964000DBFB212303600022002310461946F7F7B5
:10965000A5F841EC180BB0EE480AF0EE680ABDEC34
:10966000028B38BD000000001FB553EC102B2648BC
:1096700023F00041814206D89FED211B05B05DF823
:1096800004EB00F075B92148814208D9104619460B
:10969000F6F7A2FD41EC100B05B05DF804FB68463F
:1096A00000F0B2FB00F0030001280BD0022815D017
:1096B000D8B99DED021B9DED000B00F059F951EC5E
:1096C000100BE7E79DED021B9DED000B00F018FA73
:1096D00053EC102B104603F10041DBE79DED021B1C
:1096E0009DED000B00F044F9F2E79DED021B9DEDAE
:1096F000000B012000F004FAE1E700BFAFF30080A7
:109700000000000000000000FB21E93FFFFFEF7FA9
:109710001FB553EC102B264823F00041814207D897
:109720009FED211B002005B05DF804EB00F0E8B9C7
:109730002048814208D910461946F6F74DFD41EC04
:10974000100B05B05DF804FB684600F05DFB00F00F
:10975000030001280CD0022811D0E8B99DED021BAE
:109760009DED000B012000F0CBF951EC100BE6E76A
:109770009DED021B9DED000B00F0FAF8F5E79DED65
:10978000021B9DED000B012000F0BAF953EC102BE9
:10979000104603F10041D2E79DED021B9DED000B49
:1097A00000F0E6F8F2E700BF000000000000000053
:1097B000FB21E93FFFFFEF7F2DE9F84F684A55ECA9
:1097C000104BAA432B46214610D12246204629465B
:1097D000F6F7BAFE02460B4620462946F6F7FEFC8F
:1097E00004460D4645EC104BBDE8F88F002D0EDC0D
:1097F00025F000422243F5D09DB12246204629465D
:10980000F6F7EAFC02460B46F6F7C8FFE8E72A152A
:1098100015D1002009E0CB0A153A4905002BFAD0F2
:10982000F7E72A46FAE75B000130DC02FBD5441E6D
:10983000121BC0F1200421FA04F423438140C3F336
:109840001303A2F2FF3543F48013D2075CBF5B0021
:1098500003EBD1734FEA430358BF4900002603EBE3
:10986000D1736D104900162032464FF400141719B9
:109870009F42DEBF3A19DB1B3619CF0F013807EBC9
:1098800043034FEA41014FEA5404F0D10446202734
:109890004FF0004C9A4200EB0C0E02DB13D18E45C8
:1098A00011D8BEF1000F0EEB0C0042DA002840DBAD
:1098B00002F101089B1A8E4588BF03F1FF33A1EB2B
:1098C0000E01644442464FEAD17E013F0EEB430352
:1098D0004FEA41014FEA5C0CDCD119431BD0DFF8A1
:1098E00084A0DFF884B0DAE90001DBE90023F6F7B1
:1098F00073FCDAE9008902460B4640464946F7F711
:109900009FF840B1B4F1FF3FDAE90001DBE9002341
:1099100011D101363C4672106308F10702F17F5203
:1099200002F5001248BF43F0004302EB0551184610
:1099300056E79046BEE7F6F751FCDAE900890246A1
:109940000B4640464946F7F771F820B1A01C08BF06
:1099500001360234DFE7631C23F00104DBE700BFBC
:109960000000F07F18000020100000200000000020
:109970002DE9F74F57EC106B27F00048B8F1795FED
:109980008DED001B06D230463946F7F78DF80028DA
:1099900000F0888032463B4630463946F6F7D4FD23
:1099A000514B002204460D46F6F7CEFD40A3D3E905
:1099B000002382468B4620462946F6F7C5FD3EA386
:1099C000D3E90023F6F70AFC22462B46F6F7BCFD46
:1099D0003BA3D3E90023F6F7FFFB22462B46F6F71D
:1099E000B3FD39A3D3E90023F6F7F8FB22462B4653
:1099F000F6F7AAFD36A3D3E90023F6F7EDFB2246DE
:109A00002B46F6F7A1FD34A3D3E90023F6F7E6FBD6
:109A100022462B46F6F798FD22462B46F6F794FD94
:109A2000DDE9002304460D4630463946F6F78CFD45
:109A30000B46024629462046F6F7CEFB2B4B9845AF
:109A400006460F4610D802460B4650465946F6F7D2
:109A5000C3FB0B46264902460020F6F7BDFB41EC4E
:109A6000100B03B0BDE8F08F224B214998458CBF05
:109A7000214DA8F50015002422462B460020F6F7BC
:109A8000ABFB2246804689462B4650465946F6F7A0
:109A9000A3FB32463B46F6F79FFB02460B46404689
:109AA0004946DAE79FED0E0BDBE700BFAFF300801E
:109AB000D43888BEE9FAA8BDC4B1B4BD9EEE213E3B
:109AC000AD529C804F7E923E9015CB19A001FA3E7C
:109AD0007751C1166CC1563F4C5555555555A53F4C
:109AE000000000000000F03F0000E03F3233D33FB1
:109AF0000000F03F0000E93F0000D23F00000000FE
:109B00002DE9F04F55EC104B25F0004385B0B3F133
:109B1000795F8DED021B804605D220462946F6F777
:109B2000C3FF002852D022462B4620462946F6F78E
:109B30000BFD82468B4602460B4620462946F6F729
:109B400003FD42A3D3E90023CDE900015046594665
:109B5000F6F7FAFC3FA3D3E90023F6F73DFB5246A4
:109B60005B46F6F7F1FC3DA3D3E90023F6F736FB9D
:109B700052465B46F6F7E8FC3AA3D3E90023F6F732
:109B80002BFB52465B46F6F7DFFC38A3D3E90023F4
:109B9000F6F724FB06460F46B8F1000F1BD102462C
:109BA0000B4650465946F6F7CFFC25A3D3E90023D0
:109BB000F6F712FBDDE90023F6F7C6FC02460B467A
:109BC00020462946F6F70AFB04460D4645EC104BA5
:109BD00005B0BDE8F08FDDE902011B4B0022F6F76E
:109BE000B3FC3246804689463B46DDE90001F6F784
:109BF000ABFC02460B4640464946F6F7EDFA5246A4
:109C00005B46F6F7A1FCDDE90223F6F7E5FA0CA3C3
:109C1000D3E9002306460F46DDE90001F6F794FC80
:109C200002460B4630463946F6F7D8FA02460B464E
:109C300020462946F6F7D0FAC6E700BFAFF300800A
:109C4000495555555555C53F0000E03F7CD5CF5A85
:109C50003AD9E53DEB9C2B8AE6E55A3E7DFEB157AD
:109C6000E31DC73ED561C119A0012A3FA6F8101116
:109C70001111813F000000002DE9F84357EC116BF2
:109C80007342DFF87C8127F00042334342EAD3730A
:109C9000434551EC100B354609D8444221F00043AE
:109CA000044343EAD47444458E46814607D932467C
:109CB0003B46F6F793FA41EC100BBDE8F88307F149
:109CC000404404F58014344303D1BDE8F84300F068
:109CD00097BABC1704F0020453EA090944EAD174A4
:109CE00007D1022C5FD0032CE5D141A1D1E90001BD
:109CF000E1E7154306D1BEF1000F5FDA3EA1D1E9DD
:109D00000001D8E742450FD1934204F1FF3407D157
:109D1000022C4CD8344B03EBC403D3E90001CAE74F
:109D2000022C48D8314BF6E74345E4D09B1AB3F1F7
:109D3000747F4FEA23521EDA002F01DA3C321EDB19
:109D400032463B46F6F72AFD41EC100B00F0F0FBE3
:109D500000F056FA51EC100B012C13D0022C15D048
:109D6000002CA8D018A3D3E90023F6F735FA18A3DE
:109D7000D3E9002314E018A1D1E90001ECE70020A9
:109D80000021E9E701F10043194694E70EA3D3E966
:109D90000023F6F721FA02460B460DA1D1E9000196
:109DA000F6F71AFA87E70AA1D1E9000183E70CA1C7
:109DB000D1E900017FE7002000217CE706A1D1E97D
:109DC000000178E7AFF30080075C143326A6A13CBE
:109DD000182D4454FB210940182D4454FB21F93F10
:109DE000182D4454FB21E93FA8B0000890B00008AA
:109DF000182D4454FB2109C0182D4454FB21F9BFF0
:109E00000000F07F000000002DE9F04F57EC106BD0
:109E1000C54B8DB027F0004898450446049707D8F5
:109E20000022002380ED000BC0E90223002528E07A
:109E3000BE4B984578D8049BBD4D002B3046ACA353
:109E4000D3E90023394638DDF6F7C6F9A8450646BA
:109E50000F461AD0A8A3D3E90023F6F7BDF90246AE
:109E60000B468046894630463946F6F7B5F9A2A337
:109E7000D3E90023F6F7B0F9C4E90089C4E9020187
:109E8000012528460DB0BDE8F08F9DA3D3E900233E
:109E9000F6F7A2F99CA3D3E9002306460F46F6F78E
:109EA0009BF902460B468046894630463946F6F70E
:109EB00093F995A3D3E90023DCE7F6F78FF9A845DA
:109EC00006460F4618D08CA3D3E90023F6F786F98F
:109ED00002460B468046894630463946F6F77CF9FD
:109EE00085A3D3E90023F6F779F94FF0FF35C4E9EC
:109EF0000089C4E90201C4E781A3D3E90023F6F78E
:109F00006DF981A3D3E9002306460F46F6F766F9FB
:109F100002460B468046894630463946F6F75CF9DC
:109F200079A3D3E90023DEE7824B984500F2D18084
:109F300000F0FEFA57EC106B75A3D3E9002330460E
:109F40003946F6F701FB7C4B0022F6F747F9F6F7A6
:109F5000ABFD0546F6F78EFA02460B46CDE9022325
:109F600063A3D3E90023F6F7EFFA02460B46304627
:109F70003946F6F731F960A3D3E9002382468B46D0
:109F8000DDE90201F6F7E0FA1F2D06460F460CDC6C
:109F90006A4B6A1E53F82230434506D032463B4690
:109FA00050465946F6F718F90EE03B463246504601
:109FB0005946F6F711F94FEA28530593C1F30A53AE
:109FC000C3EB1853102B02DCC4E9000139E04CA3A9
:109FD000D3E90023DDE90201F6F7B6FA06460F469B
:109FE00002460B4650465946F6F7F6F802460B462F
:109FF0008046894650465946F6F7EEF832463B46CB
:10A00000F6F7EAF840A3D3E9002306460F46DDE958
:10A010000201F6F799FA32463B46F6F7DDF80246BA
:10A020000B4606460F4640464946F6F7D5F8059AD0
:10A03000C1F30A53D31A312B20DCC4E90001C24614
:10A04000CB46D4E90089504642464B465946F6F77E
:10A05000C3F83B463246F6F7BFF8049B002BC4E931
:10A060000201BFF60EAF09F10043636001F1004346
:10A07000C4F80080A060E3606D4202E726A3D3E944
:10A080000023DDE90201F6F75FFA06460F460246B5
:10A090000B4640464946F6F79FF802460B46824675
:10A0A0008B4640464946F6F797F832463B46F6F768
:10A0B00093F81BA3D3E9002306460F46DDE902010E
:10A0C000F6F742FA32463B46F6F786F806460F4662
:10A0D00064E71B4B984535D932463B4630463946F6
:10A0E000F6F77AF8C4E90201C4E900019EE600BF70
:10A0F00000004054FB21F93F3163621A61B4D03D46
:10A100000000601A61B4D03D7370032E8A19A33B1E
:10A1100083C8C96D305FE43F0000002E8A19A33B5D
:10A12000C14920259A837B39FB21E93F7BD9024035
:10A13000FB21F93FFB2139410000E03FC0B000089E
:10A14000FFFFEF7F4FEA2855A5F21645A8EB055112
:10A1500030460F46F6F7A8FCF6F78CF902460B4698
:10A1600030463946CDE90623F6F736F8224B002271
:10A17000F6F7EAF90F460646F6F796FCF6F77AF98F
:10A1800002460B4630463946CDE90823F6F724F857
:10A19000194B0022F6F7D8F9CDE90A010DF1300983
:10A1A0004FF003080026002779E9020132463B46BA
:10A1B000C24608F1FF38F6F72FFC0028F4D10F4B08
:10A1C0000193022300932A465346214606A800F035
:10A1D000B7F9049B002B0546BFF653AED4E9002126
:10A1E00001F10043C4E90023D4E9022101F1004355
:10A1F000C4E9022340E700BF0000704140B10008FD
:10A200002DE9F84F55EC104BBF4B25F000469E4210
:10A21000AB4618D9BD4B9E4201D809D144B1224664
:10A220002B4620462946F5F7D9FF04460D4606E0A1
:10A23000BBF1000F40F32B8197A5D5E9004545EC14
:10A24000104BBDE8F88FB24B9E4213D8A3F1DE73DA
:10A250009E420CD892A3D3E9002320462946F5F765
:10A26000BDFFAC4B0022F6F7FFFB0028E7D14FF013
:10A27000FF3A29E000F05CF9A74B9E4255EC104BE9
:10A2800000F2BC80A3F550239E4200F29E8022463D
:10A290002B4620462946F5F7A1FF9E4B0022F5F7F5
:10A2A0009BFF002206460F464FF08043204629467A
:10A2B000F5F794FF02460B4630463946F6F76EFA3C
:10A2C0004FF0000A04460D4622462B4620462946FA
:10A2D000F6F73AF902460B4680468946F6F734F916
:10A2E00071A3D3E9002306460F46F6F72DF970A3B4
:10A2F000D3E90023F5F772FF32463B46F6F724F91F
:10A300006DA3D3E90023F5F769FF32463B46F6F724
:10A310001BF96BA3D3E90023F5F760FF32463B46F8
:10A32000F6F712F968A3D3E90023F5F757FF324691
:10A330003B46F6F709F966A3D3E90023F5F74EFF8C
:10A3400042464B46F6F700F963A3D3E90023804663
:10A35000894630463946F6F7F7F861A3D3E900237A
:10A36000F5F73AFF32463B46F6F7EEF85EA3D3E93F
:10A370000023F5F731FF32463B46F6F7E5F85CA3DC
:10A38000D3E90023F5F728FF32463B46F6F7DCF821
:10A3900059A3D3E90023F5F71FFF32463B46F6F7F2
:10A3A000D3F802460B4640464946F5F717FF2246CA
:10A3B0002B46F6F7C9F8BAF1FF3F02460B4648D1E3
:10A3C00020462946F5F708FF2FE7524B002220468A
:10A3D0002946F5F701FF4F4B06460F46002220465F
:10A3E0002946F5F7FBFE02460B4630463946F6F79E
:10A3F000D5F94FF0010A04460D4665E7474B9E42EA
:10A400001CD2474B002220462946F5F7E5FE444B77
:10A4100006460F46002220462946F6F795F83D4BA2
:10A420000022F5F7DBFE02460B4630463946F6F7CA
:10A43000B5F94FF0020A04460D4645E722462B4681
:10A4400038490020F6F7AAF94FF0030A04460D46F2
:10A450003AE7354B354E03EBCA03D3E90023F5F752
:10A46000BBFE22462B46F5F7B7FE06EBCA060246B0
:10A470000B46D6E90001F5F7AFFEBBF1000F04462D
:10A480000D46BFF6DCAE01F100431D46D7E61CA524
:10A49000D5E90045D3E600BF182D4454FB21F93F10
:10A4A0009C7500883CE4377E11DA22E33AAD903F98
:10A4B000EB0D76244B7BA93F513DD0A0660DB13FFB
:10A4C0006E204CC5CD45B73FFF8300922449C23F63
:10A4D0000D5555555555D53F2F6C6A2C44B4A2BF28
:10A4E0009AFDDE522DDEAD3F6D9A74AFF2B0B33FF0
:10A4F000711623FEC671BC3FC4EB98999999C93F68
:10A50000182D4454FB21F9BFFFFF0F440000F07FDA
:10A51000FFFFDB3F0000F03FFFFFF23F0080034002
:10A520000000F83F0000F0BF48B2000868B2000821
:10A5300051EC100B024621F0004343EC102B704706
:10A540002DE9F04F2DED028BADF5197D12F1140FB1
:10A5500006930491BE4BA499089053F821300093C0
:10A56000069B03F1FF33A8BFD41E0593B2BF00249E
:10A57000182394FBF3F46FF0170304FB033303EB8E
:10A58000020B009B059A9FEDAE8B03EB0208A59B87
:10A59000A71A20AE03EB87090025454513DD069B6E
:10A5A00020AA02EBC3050DF5E07A4FF00008009BEE
:10A5B000984531DC9FEDA27BDDF820908DED027B8C
:10A5C0002F4600261BE0EF4207D459F82500F5F787
:10A5D00051FFE6E802010135DFE751EC180BF8E71F
:10A5E000D7E90023F9E80201F5F7AEFF02460B4672
:10A5F000DDE90201F5F7F2FDCDE902010136059B27
:10A600009E42A7F10807EBDD9DED027B08F10108F2
:10A61000AAEC027B0835CAE7009BDDF800800CAA93
:10A6200002EB83030A93A59B03EB840309934FEA90
:10A63000C8030B9398AB03EBC80313ED287B8DED98
:10A64000027B0CAC70AB03EBC805A146C246BAF165
:10A65000000FA5F1080577DC58469DED020B00F0D0
:10A66000C7FA57EC106B00224FF07F533046394643
:10A67000F5F76AFF41EC100B00F03AFB754B51EC1B
:10A68000100B0022F5F760FF02460B4630463946B4
:10A69000F5F7A2FD0F460646F6F706FA0290F5F723
:10A6A000E9FE02460B4630463946F5F795FDBBF10B
:10A6B000000F06460F466CDD08F1FF310CAB029D22
:10A6C00053F82130CBF1180043FA00F215448240D0
:10A6D0009B1A0CAA029542F82130CBF1170243FADB
:10A6E00002F9B9F1000F64DD029B002201330293ED
:10A6F00015466FF07F41904500F3B880BBF1000F25
:10A7000007DDBBF1010F00F0BF80BBF1020F00F0CD
:10A71000C680B9F1020F4CD132463B464E4900206B
:10A72000F5F75AFD06460F46002D42D058469FEDDC
:10A73000460B00F05DFA3046394653EC102BF5F726
:10A740004BFD06460F4634E0444B0022DDE9020192
:10A75000F5F7FAFEF6F7A8F9F5F78CFE404B002264
:10A7600006460F46F5F7F0FE02460B46DDE902010C
:10A77000F5F732FDF6F798F9D5E9002349F8040B0F
:10A7800039463046F5F72AFD0AF1FF3ACDE90201D4
:10A790005DE707D108F1FF330CAA52F823304FEAE6
:10A7A000E3599EE72F4B0022F6F754F9002843D1D6
:10A7B00081460022002330463946F6F72DF900285D
:10A7C00000F0BF8008F1FF33002200998B426EDA5F
:10A7D000002A00F0898008F1FF380CABABF1180BB0
:10A7E00053F82830002BF6D058469FED170B00F099
:10A7F000FFF908F10103DA00059255EC104B70AA3D
:10A80000DFF858B002EBC30746464FF0000A002EAF
:10A8100080F2CF804446002CC0F2FD80124B1F46D0
:10A8200070AB03EBC40306934FF0000A4FF0000B2C
:10A830000026A8EB0405E2E04FF0020954E700BF50
:10A840000000000000000000000000000000F03FD9
:10A85000C8B20008000020400000F03F0000703E39
:10A86000000070410000E03F88B2000854F8043B4B
:10A8700045B923B1C3F1807344F8043C012301328C
:10A880001D4638E7CB1AF7E708F1FF320CAB53F857
:10A890002230C3F316030CA941F8223039E708F13E
:10A8A000FF320CAB53F82230C3F31503F3E70CA9C6
:10A8B00051F82310013B0A4387E7013453F8042D74
:10A8C000002AFAD00B9B03F518730DEB0305069BCA
:10A8D00020AA434408F10107983D02EBC306444413
:10A8E000BC4204DAA046A2E60A9B0124E6E7099BE3
:10A8F00053F82700F5F7BEFD9FEDB17BE6E80201B6
:10A900008DED027BDDF82090B2464FF00008059BEC
:10A91000984505DD9DED027B0137A5EC027BDFE765
:10A920007AE90223F9E80201F5F70EFE02460B462A
:10A93000DDE90201F5F752FC08F10108CDE9020159
:10A94000E5E7CBF1000047EC106B00F051F955EC56
:10A95000104B9D4B002220462946F6F77BF800B3AA
:10A960009A4B002220462946F5F7EEFDF6F79CF8B3
:10A970000646F5F77FFD944B0022F5F7E5FD0B4603
:10A98000024629462046F5F727FCF6F78DF80CAB72
:10A990000BF1180B43F8280008F1010843F8286070
:10A9A00022E720462946F6F77FF80CAB43F828004B
:10A9B0001AE70CAB53F82600F5F75CFD22462B4650
:10A9C000F5F7C2FD524667E902015B46204629467B
:10A9D000F5F7BAFD013E04460D4618E70699F1E881
:10A9E00002230691F7E80201F5F7AEFD02460B4699
:10A9F00050465946F5F7F2FB013682468B46009BDE
:10AA00009E4201DCB542E9DA48AB03EBC505C5E976
:10AA100000AB013CFFE6A49B022B0BDC002B39DCD6
:10AA20005DD0029B03F007000DF5197DBDEC028B94
:10AA3000BDE8F08FA49B032BF3D1059B03F518739E
:10AA40000DEB0304A4F5A4742546C246BAF1000F29
:10AA5000A5F108056BDC4546012DA4F1080400F3BF
:10AA60008780059C48AB1C4400200021B8F1010FF1
:10AA700000F39C80DDE94878DDE94A56B9F1000F22
:10AA800040F0A680049BC3E90078C3E90256C3E9FD
:10AA90000401C6E7059D48AB1D4444460020002143
:10AAA000002C35DAB9F1000F38D0024601F100432D
:10AAB000049CC4E9002302460B46DDE94801F5F792
:10AAC0008BFB4AAD0124A0452BDAB9F1000F02D06F
:10AAD00001F100431946049BC3E90201A1E7059C6B
:10AAE00048AB1C4400200021B8F1000F09DAB9F18D
:10AAF000000F02D001F100431946049BC3E9000195
:10AB00008FE774E90223F5F769FB08F1FF38EBE7FB
:10AB100075E90223F5F762FB013CC1E702460B46EB
:10AB2000C6E7F5E80223F5F759FB0134CBE795EDCD
:10AB3000007B8DED007B95ED027BDDE9000153ECA0
:10AB4000172B8DED067BF5F749FB02460B460646B3
:10AB50000F46DDE90001F5F73FFBDDE90623F5F7D8
:10AB60003DFB0AF1FF3AC5E90201C5E900676DE75F
:10AB700094ED007BD4E902AB51EC170B52465B46D7
:10AB80008DED007BF5F72AFB02460B4606460F4685
:10AB9000DDE90001F5F720FB52465B46F5F71EFBA9
:10ABA000013DC4E90201C4E9006755E774E90223E5
:10ABB000F5F714FB08F1FF3858E700BFAFF300804A
:10ABC0000000000000000000000070410000703E26
:10ABD000049B049A1F6008F100445C609D6006F1CC
:10ABE0000043D36001F100431061536119E700BFD6
:10ABF00070B555EC104BC5F30A5106462B4691B97A
:10AC000025F0004323433DD0354B20462946002202
:10AC1000F5F79AFC334B9E4204460D460FDA28A303
:10AC2000D3E900231EE040F2FF7291420BD122468D
:10AC300020462946F5F7D2FA04460D4622E00B4697
:10AC4000C1F30A5136394CF2503296420DDD002DD7
:10AC50001DA1D1E9000102DA1DA1D1E900011AA369
:10AC6000D3E90023F5F770FCE6E7721840F2FE71B5
:10AC70008A42ECDC002A08DD23F0FF4323F4E003E2
:10AC800043EA025545EC104B70BD12F1350F08DA5E
:10AC9000002D0BA1D1E90001C1DA0FA1D1E900011A
:10ACA000BDE723F0FF43363223F4E00343EA0255C5
:10ACB00020460D4B29460022D4E700BFAFF30080A9
:10ACC00059F3F8C21F6EA5019C7500883CE4377EDD
:10ACD0009C7500883CE437FE59F3F8C21F6EA581CD
:10ACE00000005043B03CFFFF0000903C000000001B
:10ACF00051EC100BC1F30A532DE9F041A3F2FF36DA
:10AD0000132E0C460546804634DC002E17DA32A39B
:10AD1000D3E90023F5F762FA00220023F5F7A4FE39
:10AD200050B1002C55DA24F000442C430025AC42ED
:10AD30002B4C08BF4FF000442146284623E0294F02
:10AD4000374101EA070303431DD023A3D3E90023BE
:10AD5000F5F744FA00220023F5F786FE0028EBD031
:10AD6000002CBEBF4FF480133341E41824EA0704DB
:10AD70000025E1E7332E0ADDB6F5806F03D10246E8
:10AD80000B46F5F72BFA41EC100BBDE8F081A3F26E
:10AD900013434FF0FF37DF400742F4D00EA3D3E94F
:10ADA0000023F5F71BFA00220023F5F75DFE0028CB
:10ADB000C2D0002C0ADA142E01D1013406E0C6F10B
:10ADC00034060123B3401D444545F6D325EA070563
:10ADD000B2E700252C46AFE79C7500883CE4377E3F
:10ADE0000000F0BFFFFF0F0002440346934200D172
:10ADF000704703F8011BF9E7014B1868704700BF63
:10AE00002000002070B50D4D0D4C641BA4100026D1
:10AE1000A64209D10B4D0C4C00F07EF8641BA41027
:10AE20000026A64205D170BD55F8043B984701366F
:10AE3000EEE755F8043B98470136F2E7E0B2000828
:10AE4000E0B20008E0B20008E8B2000870477047BE
:10AE5000024B13B1024800F005B870470000000033
:10AE600071AE0008002301461A46184600F014B8D7
:10AE700038B5074D074C641BA4101CB9BDE8384019
:10AE800000F050B8013C55F824309847F5E700BF72
:10AE9000E8B20008ECB200082DE9F047DFF874A032
:10AEA0000646DAF8000098460F469146FFF7CEFFB7
:10AEB000164B1C680CB9164C1C606568DAF800006B
:10AEC0001F2D05DDFFF7C3FF4FF0FF30BDE8F08712
:10AED0009EB104EB85010122C1F88890D4F8883135
:10AEE000AA401343C4F88831022EC1F8088102BF7A
:10AEF000D4F88C311343C4F88C316B1C0235636079
:10AF000044F82570FFF7A3FF0020DFE7704700201B
:10AF10007447002048010020F8B500BFF8BC08BC09
:10AF20009E467047F8B500BFF8BC08BC9E46704707
:10AF30006865617274626561745461736B000000CE
:10AF400030AF0008E13C0008FEFF000000000000F8
:10AF500080000000000000000000000061636365E5
:10AF60006C65726F6D657465725461736B0000007F
:10AF70005CAF00082D320008030000000000000054
:10AF80008000000000000000000000006779726F80
:10AF900073636F70655461736B0000008CAF0008C1
:10AFA00019330008030000000000000080000000CA
:10AFB00000000000000000006D61676E65746F6D39
:10AFC000657465725461736B00000000B8AF0008CF
:10AFD000453500080200000000000000800000006D
:10AFE000000000000000000072635461736B0000F9
:10AFF000E8AF0008953700080000000000000000DE
:10B0000080000000000000000000000070776D5418
:10B0100061736B000CB00008553A00080200000094
:10B0200000000000800000000000000000000000A0
:10B03000636F6E74726F6C6C65725461736B000039
:10B0400030B00008913A0008020000000000000043
:10B05000800000000000000000000000C252C03666
:10B060002C378036E8E78D38E8E78D38E8E78D380B
:10B0700049444C45000000000000000000000000B2
:10B08000010203040607080900000000010203048E
:10B090000000000000000080182D4454FB210940EE
:10B0A000182D4454FB2109C0182D4454FB21E9BF3D
:10B0B000D221337F7CD90240D221337F7CD902C098
:10B0C000FB21F93FFB2109407CD91240FB211940AB
:10B0D0007A6A1F407CD92240BBFD2540FB212940D4
:10B0E0003A462C407A6A2F405C4731407CD9324046
:10B0F0009C6B3440BBFD3540DB8F3740FB21394032
:10B100001BB43A403A463C405AD83D407A6A3F40E8
:10B110004C7E40405C4741406C1042407CD94240EC
:10B120008CA243409C6B4440AC344540BBFD454041
:10B13000CBC64640DB8F4740EB584840FB21494097
:10B1400083F9A200444E6E00FC291500D157270058
:10B15000DD34F50062DBC0003C999500419043006E
:10B160006351FE00BBDEAB00B761C5003A6E240040
:10B17000D24D42004906E00009EA2E001C92D1009F
:10B18000EB1DFE0029B11C00E83EA700F53582004A
:10B1900044BB2E009CE98400B4267000417E5F0011
:10B1A000D6913900538339009CF439008B5F8400B9
:10B1B00028F9BD00F81F3B00DEFF97000F9805003F
:10B1C000112FEF000A5A8B006D1F6D00CF7E3600E5
:10B1D00009CB2700464FB7009E663F002DEA5F006F
:10B1E000BA277500E5EBC7003D7BF100F739070092
:10B1F00092528A00FB6BEA001FB15F00085D8D0070
:10B20000300356007BFC4600F0AB6B0020BCCF0047
:10B2100036F49A00E3A91D005E619100081BE60068
:10B2200085996500A0145F008D40680080D8FF00FC
:10B2300027734D0006063100CA561500C9A87300D1
:10B240007BE260006B8CC000E2652F227F2B7A3C92
:10B25000075C143326A6813CBDCBF07A8807703C8E
:10B26000075C143326A6913C4FBB610567ACDD3FFC
:10B27000182D4454FB21E93F9BF681D20B73EF3F1D
:10B28000182D4454FB21F93F00000040FB21F93FF9
:10B29000000000002D44743E000000809846F83CF9
:10B2A0000000006051CC783B00000080831BF03927
:10B2B0000000004020257A38000000802282E3361A
:10B2C000000000001DF369350200000003000000CB
:08B2D00004000000060000006C
:08B2D800F058FF7F01000000A7
:08B2E00051AE0008B5010008A1
:04B2E80091010008C8
:10B2EC000024F4001000000001000000AAAAAAAA81
:10B2FC0059F3F8C21F6EA501000000000000F03FDA
:10B30C00280000200000000000000000344600204F
:10B31C009C460020044700200000000000000000B4
:10B32C000000000000000000000000000000000011
:10B33C000000000000000000000000000000000001
:10B34C0000000000000000000000000000000000F1
:10B35C0000000000000000000000000000000000E1
:10B36C0000000000000000000000000000000000D1
:10B37C0000000000000000000000000000000000C1
:10B38C0000000000000000000000000000000000B1
:10B39C0000000000000000000000000000000000A1
:10B3AC0001000000000000000E33CDAB34126DE63E
:10B3BC00ECDE05000B0000000000000000000000A7
:10B3CC000000000000000000000000000000000071
:10B3DC000000000000000000000000000000000061
:10B3EC000000000000000000000000000000000051
:10B3FC000000000000000000000000000000000041
:10B40C000000000000000000000000000000000030
:10B41C000000000000000000000000000000000020
:0CB42C0000000000000000006C47002041
:040000050800487532
:00000001FF
